V0N0A1	WOSS
V0N0A2	LIONS BAY
V0N0A5	MADEIRA PARK
V0N0A6	WINTER HARBOUR
V0N0A8	ROBERTS CREEK
V0N0A9	PORT HARDY
V0N0B0	SECHELT
V0N0B1	PORT MCNEILL
V0N0B2	QUATSINO
V0N0B4	LUND
V0N0B5	VAN ANDA
V0N0B7	SECHELT
V0N0B8	MAYNE
V0N0C1	PENDER
V0N0C3	ALERT BAY
V0N0C4	PORT ALICE
V0N0C5	SATURNA
V0N0C6	SOINTULA
V0N0C7	BOWEN
V0N0C8	SECHELT
V0N0E2	GILLIES BAY
V0N0E4	HOLBERG
V0N0E5	GIBSONS
V0N0E6	GIBSONS
V0N0E8	GIBSONS
V0N0E9	GALIANO
V0N0G1	SECHELT
V0N1A0	ALERT BAY
V0N1G0	BOWEN
V0N1G1	BOWEN
V0N1G2	BOWEN
V0N1K0	COAL HARBOUR
V0N1M0	DAWSONS LANDING
V0N1P0	GALIANO
V0N1V0	GIBSONS
V0N1V1	GIBSONS
V0N1V2	GIBSONS
V0N1V3	GIBSONS
V0N1V4	GIBSONS
V0N1V5	GIBSONS
V0N1V6	GIBSONS
V0N1V7	GIBSONS
V0N1V8	GIBSONS
V0N1V9	GIBSONS
V0N1W0	GILLIES BAY
V0N1Y0	HALFMOON BAY
V0N1Y1	HALFMOON BAY
V0N1Y2	HALFMOON BAY
V0N1Z0	HOLBERG
V0N2B0	KINGCOME INLET
V0N2E0	LIONS BAY
V0N2G0	LUND
V0N2H0	MADEIRA PARK
V0N2H1	MADEIRA PARK
V0N2H4	MADEIRA PARK
V0N2J0	MAYNE
V0N2J1	MAYNE
V0N2J2	MAYNE
V0N2M0	PENDER
V0N2M1	PENDER
V0N2M2	PENDER
V0N2M3	PENDER
V0N2N0	PORT ALICE
V0N2P0	PORT HARDY
V0N2R0	PORT MCNEILL
V0N2V0	QUATSINO
V0N2W0	ROBERTS CREEK
V0N2W1	ROBERTS CREEK
V0N2W2	ROBERTS CREEK
V0N2W3	ROBERTS CREEK
V0N2W4	ROBERTS CREEK
V0N2W5	ROBERTS CREEK
V0N2W6	ROBERTS CREEK
V0N2Y0	SATURNA
V0N3A0	SECHELT
V0N3A1	SECHELT
V0N3A2	SECHELT
V0N3A3	SECHELT
V0N3A4	SECHELT
V0N3A5	SECHELT
V0N3A6	SECHELT
V0N3A7	SECHELT
V0N3A8	SECHELT
V0N3E0	SOINTULA
V0N3J0	TELEGRAPH COVE
V0N3K0	VAN ANDA
V0N3L0	WINTER HARBOUR
V0N3P0	WOSS
V0N3V0	GIBSONS
V0P0A1	MANSONS LANDING
V0P0A2	WHALETOWN
V0P0A3	GOLD RIVER
V0P0A4	KYUQUOT
V0P0A5	SAYWARD
V0P0A6	ZEBALLOS
V0P0A7	HERIOT BAY
V0P0A8	QUATHIASKI COVE
V0P0A9	TAHSIS
V0P0B1	SQUIRREL COVE
V0P1B0	BLIND CHANNEL
V0P1G0	GOLD RIVER
V0P1H0	HERIOT BAY
V0P1J0	KYUQUOT
V0P1K0	MANSONS LANDING
V0P1L0	MINSTREL ISLAND
V0P1N0	QUATHIASKI COVE
V0P1P0	REFUGE COVE
V0P1R0	SAYWARD
V0P1S0	SIMOOM SOUND
V0P1T0	SQUIRREL COVE
V0P1V0	STUART ISLAND
V0P1W0	SURGE NARROWS
V0P1X0	TAHSIS
V0P1Z0	WHALETOWN
V0P2A0	ZEBALLOS
V0R0A1	HONEYMOON BAY
V0R0A3	GABRIOLA
V0R0A4	TOFINO
V0R0A5	UCLUELET
V0R0A6	LAZO
V0R0A7	LAKE COWICHAN
V0R0A8	MERVILLE
V0R0A9	SHAWNIGAN LAKE
V0R0B2	UNION BAY
V0R0B3	AHOUSAHT
V0R0B4	BAMFIELD
V0R0B5	COBBLE HILL
V0R0B6	THETIS
V0R0C1	CUMBERLAND
V0R0C2	COWICHAN BAY
V0R0C4	DENMAN
V0R0C6	HORNBY
V0R0E1	UCLUELET
V0R0E2	UCLUELET
V0R0E3	MILL BAY
V0R1A0	AHOUSAHT
V0R1B0	BAMFIELD
V0R1L0	COBBLE HILL
V0R1L1	COBBLE HILL
V0R1L2	COBBLE HILL
V0R1L3	COBBLE HILL
V0R1L4	COBBLE HILL
V0R1L5	COBBLE HILL
V0R1L6	COBBLE HILL
V0R1L7	COBBLE HILL
V0R1N0	COWICHAN BAY
V0R1N1	COWICHAN BAY
V0R1N2	COWICHAN BAY
V0R1S0	CUMBERLAND
V0R1T0	DENMAN
V0R1W0	FANNY BAY
V0R1X0	GABRIOLA
V0R1X1	GABRIOLA
V0R1X2	GABRIOLA
V0R1X3	GABRIOLA
V0R1X4	GABRIOLA
V0R1X5	GABRIOLA
V0R1X6	GABRIOLA
V0R1X7	GABRIOLA
V0R1Y0	HONEYMOON BAY
V0R1Z0	HORNBY
V0R2B0	KILDONAN
V0R2C0	KOKSILAH
V0R2G0	LAKE COWICHAN
V0R2G1	LAKE COWICHAN
V0R2J0	LASQUETI
V0R2K0	LAZO
V0R2M0	MERVILLE
V0R2N0	MESACHIE LAKE
V0R2P0	MILL BAY
V0R2P1	MILL BAY
V0R2P2	MILL BAY
V0R2P3	MILL BAY
V0R2P4	MILL BAY
V0R2V0	ROYSTON
V0R2W0	SHAWNIGAN LAKE
V0R2W1	SHAWNIGAN LAKE
V0R2W2	SHAWNIGAN LAKE
V0R2W3	SHAWNIGAN LAKE
V0R2W5	SHAWNIGAN LAKE
V0R2Y0	THETIS
V0R2Z0	TOFINO
V0R3A0	UCLUELET
V0R3B0	UNION BAY
V0R3C0	WESTHOLME
V0R3E1	YOUBOU
V0R4A0	UCLUELET
V0R5K0	PENELAKUT
V0S0A1	PORT RENFREW
V0S1C0	SALT SPRING
V0S1E0	SALT SPRING
V0S1K0	PORT RENFREW
V0T0A3	OCEAN FALLS
V0T0A8	BELLA BELLA
V0T0B2	DENNY
V0T0B3	KLEMTU
V0T1B0	DENNY
V0T1L0	KLEMTU
V0T1P0	OCEAN FALLS
V0T1Z0	BELLA BELLA
V7Z0A1	SECHELT
V7Z0A2	SECHELT
V7Z0A3	SECHELT
V7Z0A4	SECHELT
V7Z0A5	SECHELT
V7Z0A6	SECHELT
V7Z0A7	SECHELT
V7Z0A8	SECHELT
V7Z0A9	SECHELT
V7Z0B1	SECHELT
V7Z0B2	SECHELT
V7Z0B3	SECHELT
V7Z0B4	SECHELT
V7Z0B5	SECHELT
V7Z0B6	SECHELT
V7Z0B7	SECHELT
V7Z0B8	SECHELT
V7Z0B9	SECHELT
V7Z0C1	SECHELT
V7Z0C2	SECHELT
V7Z0C3	SECHELT
V7Z0C4	SECHELT
V7Z0C5	SECHELT
V7Z0C6	SECHELT
V7Z0C7	SECHELT
V7Z0C8	SECHELT
V7Z0C9	SECHELT
V7Z0E1	SECHELT
V7Z0E2	SECHELT
V7Z0E3	SECHELT
V7Z0E4	SECHELT
V7Z0E5	SECHELT
V7Z0E6	SECHELT
V7Z0E7	SECHELT
V7Z0E8	SECHELT
V7Z0E9	SECHELT
V7Z0G1	SECHELT
V7Z0G2	SECHELT
V7Z0G3	SECHELT
V7Z0G4	SECHELT
V7Z0G5	SECHELT
V7Z0G6	SECHELT
V7Z0G7	SECHELT
V7Z0G8	SECHELT
V7Z0G9	SECHELT
V7Z0H1	SECHELT
V7Z0H2	SECHELT
V7Z0H3	SECHELT
V7Z0H4	SECHELT
V7Z0H5	SECHELT
V7Z0H6	SECHELT
V7Z0H7	SECHELT
V7Z0H8	SECHELT
V7Z0H9	SECHELT
V7Z0J1	SECHELT
V7Z0J2	SECHELT
V7Z0J3	SECHELT
V7Z0J4	SECHELT
V7Z0J5	SECHELT
V7Z0J6	SECHELT
V7Z0J7	SECHELT
V7Z0J8	SECHELT
V7Z0J9	SECHELT
V7Z0K1	SECHELT
V7Z0K2	SECHELT
V7Z0K3	SECHELT
V7Z0K4	SECHELT
V7Z0K5	SECHELT
V7Z0K6	SECHELT
V7Z0K7	SECHELT
V7Z0K8	SECHELT
V7Z0K9	SECHELT
V7Z0L1	SECHELT
V7Z0L2	SECHELT
V7Z0L3	SECHELT
V7Z0L4	SECHELT
V7Z0L5	SECHELT
V7Z0L6	SECHELT
V7Z0L7	SECHELT
V7Z0L8	SECHELT
V7Z0L9	SECHELT
V7Z0M1	SECHELT
V7Z0M2	SECHELT
V7Z0M3	SECHELT
V7Z0M4	SECHELT
V7Z0M5	SECHELT
V7Z0M6	SECHELT
V7Z0M7	SECHELT
V7Z0M8	SECHELT
V7Z0M9	SECHELT
V7Z0N1	SECHELT
V7Z0N2	SECHELT
V7Z0N3	SECHELT
V7Z0N4	SECHELT
V7Z0N5	SECHELT
V7Z0N6	SECHELT
V7Z0N7	SECHELT
V7Z0N8	SECHELT
V7Z0N9	SECHELT
V7Z0P1	SECHELT
V7Z0P2	SECHELT
V7Z0P3	SECHELT
V7Z0P4	SECHELT
V7Z0P5	SECHELT
V7Z0P6	SECHELT
V7Z0P7	SECHELT
V7Z0P8	SECHELT
V7Z0P9	SECHELT
V7Z0R1	SECHELT
V7Z0R2	SECHELT
V7Z0R3	SECHELT
V7Z0R4	SECHELT
V7Z0R5	SECHELT
V7Z0R6	SECHELT
V7Z0R7	SECHELT
V7Z0R8	SECHELT
V7Z0R9	SECHELT
V7Z0S1	SECHELT
V7Z0S2	SECHELT
V7Z0S3	SECHELT
V7Z0S4	SECHELT
V7Z0S5	SECHELT
V7Z0S6	SECHELT
V7Z0S7	SECHELT
V7Z0S8	SECHELT
V7Z0S9	SECHELT
V7Z0T1	SECHELT
V7Z0T2	SECHELT
V7Z0T3	SECHELT
V7Z0T4	SECHELT
V7Z0T5	SECHELT
V7Z0T6	SECHELT
V7Z0T7	SECHELT
V7Z0T8	SECHELT
V7Z0T9	SECHELT
V7Z0V1	SECHELT
V7Z0V2	SECHELT
V7Z0V3	SECHELT
V7Z0V4	SECHELT
V7Z0V5	SECHELT
V7Z0V6	SECHELT
V7Z1A1	HALFMOON BAY
V7Z1A2	HALFMOON BAY
V7Z1A3	HALFMOON BAY
V7Z1A4	HALFMOON BAY
V7Z1A5	HALFMOON BAY
V7Z1A6	HALFMOON BAY
V7Z1A7	HALFMOON BAY
V7Z1A8	HALFMOON BAY
V7Z1A9	HALFMOON BAY
V7Z1B1	HALFMOON BAY
V7Z1B2	HALFMOON BAY
V7Z1B3	HALFMOON BAY
V7Z1B4	HALFMOON BAY
V7Z1B5	HALFMOON BAY
V7Z1B6	HALFMOON BAY
V7Z1B7	HALFMOON BAY
V7Z1B8	HALFMOON BAY
V7Z1B9	HALFMOON BAY
V7Z1C1	HALFMOON BAY
V7Z1C2	HALFMOON BAY
V7Z1C3	HALFMOON BAY
V7Z1C4	HALFMOON BAY
V7Z1C5	HALFMOON BAY
V7Z1C6	HALFMOON BAY
V7Z1C7	HALFMOON BAY
V7Z1C8	HALFMOON BAY
V7Z1C9	HALFMOON BAY
V7Z1E1	HALFMOON BAY
V7Z1E2	HALFMOON BAY
V7Z1E3	HALFMOON BAY
V7Z1E4	HALFMOON BAY
V7Z1E5	HALFMOON BAY
V7Z1E6	HALFMOON BAY
V7Z1E7	HALFMOON BAY
V7Z1E8	HALFMOON BAY
V7Z1E9	HALFMOON BAY
V7Z1G1	HALFMOON BAY
V7Z1G2	HALFMOON BAY
V7Z1G3	HALFMOON BAY
V7Z1G4	HALFMOON BAY
V7Z1G5	HALFMOON BAY
V7Z1G6	HALFMOON BAY
V7Z1G7	HALFMOON BAY
V7Z1G8	HALFMOON BAY
V7Z1G9	HALFMOON BAY
V7Z1H1	HALFMOON BAY
V7Z1H2	HALFMOON BAY
V7Z1H3	HALFMOON BAY
V8A0A1	POWELL RIVER
V8A0A2	POWELL RIVER
V8A0A3	POWELL RIVER
V8A0A4	POWELL RIVER
V8A0A5	POWELL RIVER
V8A0A6	POWELL RIVER
V8A0A7	POWELL RIVER
V8A0A8	POWELL RIVER
V8A0A9	POWELL RIVER
V8A0B1	POWELL RIVER
V8A0B2	POWELL RIVER
V8A0B3	POWELL RIVER
V8A0B4	POWELL RIVER
V8A0B5	POWELL RIVER
V8A0B6	POWELL RIVER
V8A0B7	POWELL RIVER
V8A0B8	POWELL RIVER
V8A0B9	POWELL RIVER
V8A0C1	POWELL RIVER
V8A0C2	POWELL RIVER
V8A0C3	POWELL RIVER
V8A0C4	POWELL RIVER
V8A0C5	POWELL RIVER
V8A0C6	POWELL RIVER
V8A0C7	POWELL RIVER
V8A0C8	POWELL RIVER
V8A0C9	POWELL RIVER
V8A0E1	POWELL RIVER
V8A0E2	POWELL RIVER
V8A0E3	POWELL RIVER
V8A0E4	POWELL RIVER
V8A0E5	POWELL RIVER
V8A0E6	POWELL RIVER
V8A0E7	POWELL RIVER
V8A0E8	POWELL RIVER
V8A0E9	POWELL RIVER
V8A0G1	POWELL RIVER
V8A0G2	POWELL RIVER
V8A0G3	POWELL RIVER
V8A0G4	POWELL RIVER
V8A0G5	POWELL RIVER
V8A0G6	POWELL RIVER
V8A0G7	POWELL RIVER
V8A0G8	POWELL RIVER
V8A0G9	POWELL RIVER
V8A0H1	POWELL RIVER
V8A0H2	POWELL RIVER
V8A0H3	POWELL RIVER
V8A0H4	POWELL RIVER
V8A0H5	POWELL RIVER
V8A0H6	POWELL RIVER
V8A0H7	POWELL RIVER
V8A0H8	POWELL RIVER
V8A0H9	POWELL RIVER
V8A0J1	POWELL RIVER
V8A0J2	POWELL RIVER
V8A0J3	POWELL RIVER
V8A0J4	POWELL RIVER
V8A0J5	POWELL RIVER
V8A0J6	POWELL RIVER
V8A0J7	POWELL RIVER
V8A0J8	POWELL RIVER
V8A0J9	POWELL RIVER
V8A0K1	POWELL RIVER
V8A0K2	POWELL RIVER
V8A0K3	POWELL RIVER
V8A0K4	POWELL RIVER
V8A0K5	POWELL RIVER
V8A0K6	POWELL RIVER
V8A0K7	POWELL RIVER
V8A0K8	POWELL RIVER
V8A0K9	POWELL RIVER
V8A0L1	POWELL RIVER
V8A0L2	POWELL RIVER
V8A0L3	POWELL RIVER
V8A0L4	POWELL RIVER
V8A0L5	POWELL RIVER
V8A0L6	POWELL RIVER
V8A0L7	POWELL RIVER
V8A0L8	POWELL RIVER
V8A0L9	POWELL RIVER
V8A0M1	POWELL RIVER
V8A0M2	POWELL RIVER
V8A0M3	POWELL RIVER
V8A0M4	POWELL RIVER
V8A0M5	POWELL RIVER
V8A0M6	POWELL RIVER
V8A0M7	POWELL RIVER
V8A0M8	POWELL RIVER
V8A0M9	POWELL RIVER
V8A0N1	POWELL RIVER
V8A0N2	POWELL RIVER
V8A0N3	POWELL RIVER
V8A0N4	POWELL RIVER
V8A0N5	POWELL RIVER
V8A0N6	POWELL RIVER
V8A0N7	POWELL RIVER
V8A0N8	POWELL RIVER
V8A0N9	POWELL RIVER
V8A0P1	POWELL RIVER
V8A0P2	POWELL RIVER
V8A0P3	POWELL RIVER
V8A0P4	POWELL RIVER
V8A0P5	POWELL RIVER
V8A0P6	POWELL RIVER
V8A0P7	POWELL RIVER
V8A0P8	POWELL RIVER
V8A0P9	POWELL RIVER
V8A0R1	POWELL RIVER
V8A0R2	POWELL RIVER
V8A0R3	POWELL RIVER
V8A0R4	POWELL RIVER
V8A0R5	POWELL RIVER
V8A0R6	POWELL RIVER
V8A0R7	POWELL RIVER
V8A0R8	POWELL RIVER
V8A0R9	POWELL RIVER
V8A0S1	POWELL RIVER
V8A0S2	POWELL RIVER
V8A0S3	POWELL RIVER
V8A0S4	POWELL RIVER
V8A0S5	POWELL RIVER
V8A0S6	POWELL RIVER
V8A0S7	POWELL RIVER
V8A0S8	POWELL RIVER
V8A0S9	POWELL RIVER
V8A0T1	POWELL RIVER
V8A0T2	POWELL RIVER
V8A0T3	POWELL RIVER
V8A0T4	POWELL RIVER
V8A0T5	POWELL RIVER
V8A0T6	POWELL RIVER
V8A0T7	POWELL RIVER
V8A0T8	POWELL RIVER
V8A0T9	POWELL RIVER
V8A0V1	POWELL RIVER
V8A0V2	POWELL RIVER
V8A0V3	POWELL RIVER
V8A0V4	POWELL RIVER
V8A0V5	POWELL RIVER
V8A0V6	POWELL RIVER
V8A0V7	POWELL RIVER
V8A0V8	POWELL RIVER
V8A1A1	POWELL RIVER
V8A1A2	POWELL RIVER
V8A1A3	POWELL RIVER
V8A1A4	POWELL RIVER
V8A1A5	POWELL RIVER
V8A1A6	POWELL RIVER
V8A1A7	POWELL RIVER
V8A1A8	POWELL RIVER
V8A1A9	POWELL RIVER
V8A1B1	POWELL RIVER
V8A1B2	POWELL RIVER
V8A1B3	POWELL RIVER
V8A1B5	POWELL RIVER
V8A1B6	POWELL RIVER
V8A1B7	POWELL RIVER
V8A1B8	POWELL RIVER
V8A1B9	POWELL RIVER
V8A1C1	POWELL RIVER
V8A1C2	POWELL RIVER
V8A1C3	POWELL RIVER
V8A1C4	POWELL RIVER
V8A1C5	POWELL RIVER
V8A1C6	POWELL RIVER
V8A1C7	POWELL RIVER
V8A1C8	POWELL RIVER
V8A1C9	POWELL RIVER
V8A1E1	POWELL RIVER
V8A1E2	POWELL RIVER
V8A1E3	POWELL RIVER
V8A1E4	POWELL RIVER
V8A1E5	POWELL RIVER
V8A1E6	POWELL RIVER
V8A1E7	POWELL RIVER
V8A1E8	POWELL RIVER
V8A1E9	POWELL RIVER
V8A1G1	POWELL RIVER
V8A1G2	POWELL RIVER
V8A1G3	POWELL RIVER
V8A1G4	POWELL RIVER
V8A1G5	POWELL RIVER
V8A1G6	POWELL RIVER
V8A1G7	POWELL RIVER
V8A1G8	POWELL RIVER
V8A1G9	POWELL RIVER
V8A1H1	POWELL RIVER
V8A1H2	POWELL RIVER
V8A1H3	POWELL RIVER
V8A1H4	POWELL RIVER
V8A1H5	POWELL RIVER
V8A1H6	POWELL RIVER
V8A1H7	POWELL RIVER
V8A1H8	POWELL RIVER
V8A1H9	POWELL RIVER
V8A1J1	POWELL RIVER
V8A1J2	POWELL RIVER
V8A1J3	POWELL RIVER
V8A1J4	POWELL RIVER
V8A1J5	POWELL RIVER
V8A1J6	POWELL RIVER
V8A1J7	POWELL RIVER
V8A1J8	POWELL RIVER
V8A1J9	POWELL RIVER
V8A1K1	POWELL RIVER
V8A1K2	POWELL RIVER
V8A1K3	POWELL RIVER
V8A1K4	POWELL RIVER
V8A1K5	POWELL RIVER
V8A1K6	POWELL RIVER
V8A1K7	POWELL RIVER
V8A1K9	POWELL RIVER
V8A1L1	POWELL RIVER
V8A1L2	POWELL RIVER
V8A1L3	POWELL RIVER
V8A1L4	POWELL RIVER
V8A1L5	POWELL RIVER
V8A1L6	POWELL RIVER
V8A1L8	POWELL RIVER
V8A1L9	POWELL RIVER
V8A1M1	POWELL RIVER
V8A1M2	POWELL RIVER
V8A1M3	POWELL RIVER
V8A1M4	POWELL RIVER
V8A1M5	POWELL RIVER
V8A1M6	POWELL RIVER
V8A1M7	POWELL RIVER
V8A1M8	POWELL RIVER
V8A1M9	POWELL RIVER
V8A1N1	POWELL RIVER
V8A1N2	POWELL RIVER
V8A1N3	POWELL RIVER
V8A1N4	POWELL RIVER
V8A1N5	POWELL RIVER
V8A1N6	POWELL RIVER
V8A1N7	POWELL RIVER
V8A1N8	POWELL RIVER
V8A1N9	POWELL RIVER
V8A1P1	POWELL RIVER
V8A1P2	POWELL RIVER
V8A1P3	POWELL RIVER
V8A1P4	POWELL RIVER
V8A1P5	POWELL RIVER
V8A1P6	POWELL RIVER
V8A1P7	POWELL RIVER
V8A1P8	POWELL RIVER
V8A1P9	POWELL RIVER
V8A1R1	POWELL RIVER
V8A1R2	POWELL RIVER
V8A1R3	POWELL RIVER
V8A1R4	POWELL RIVER
V8A1R5	POWELL RIVER
V8A1R6	POWELL RIVER
V8A1R7	POWELL RIVER
V8A1R8	POWELL RIVER
V8A1R9	POWELL RIVER
V8A1S1	POWELL RIVER
V8A1S2	POWELL RIVER
V8A1S3	POWELL RIVER
V8A1S4	POWELL RIVER
V8A1S5	POWELL RIVER
V8A1S6	POWELL RIVER
V8A1S7	POWELL RIVER
V8A1S8	POWELL RIVER
V8A1S9	POWELL RIVER
V8A1T1	POWELL RIVER
V8A1T2	POWELL RIVER
V8A1T3	POWELL RIVER
V8A1T4	POWELL RIVER
V8A1T5	POWELL RIVER
V8A1T6	POWELL RIVER
V8A1T7	POWELL RIVER
V8A1T8	POWELL RIVER
V8A1T9	POWELL RIVER
V8A1V1	POWELL RIVER
V8A1V2	POWELL RIVER
V8A1V3	POWELL RIVER
V8A1V4	POWELL RIVER
V8A1V5	POWELL RIVER
V8A1V6	POWELL RIVER
V8A1V7	POWELL RIVER
V8A1V8	POWELL RIVER
V8A1V9	POWELL RIVER
V8A1W1	POWELL RIVER
V8A1W2	POWELL RIVER
V8A1W3	POWELL RIVER
V8A1W4	POWELL RIVER
V8A1W5	POWELL RIVER
V8A1W6	POWELL RIVER
V8A1W7	POWELL RIVER
V8A1W8	POWELL RIVER
V8A1X1	POWELL RIVER
V8A1X2	POWELL RIVER
V8A1X3	POWELL RIVER
V8A1X4	POWELL RIVER
V8A1X5	POWELL RIVER
V8A1X6	POWELL RIVER
V8A1X7	POWELL RIVER
V8A1X9	POWELL RIVER
V8A1Y1	POWELL RIVER
V8A1Y2	POWELL RIVER
V8A1Y4	POWELL RIVER
V8A1Y5	POWELL RIVER
V8A1Y6	POWELL RIVER
V8A1Y7	POWELL RIVER
V8A1Y9	POWELL RIVER
V8A1Z1	POWELL RIVER
V8A1Z2	POWELL RIVER
V8A1Z3	POWELL RIVER
V8A1Z4	POWELL RIVER
V8A1Z5	POWELL RIVER
V8A1Z6	POWELL RIVER
V8A1Z7	POWELL RIVER
V8A1Z8	POWELL RIVER
V8A1Z9	POWELL RIVER
V8A2A1	POWELL RIVER
V8A2A2	POWELL RIVER
V8A2A3	POWELL RIVER
V8A2A4	POWELL RIVER
V8A2A5	POWELL RIVER
V8A2A6	POWELL RIVER
V8A2A7	POWELL RIVER
V8A2A8	POWELL RIVER
V8A2A9	POWELL RIVER
V8A2B1	POWELL RIVER
V8A2B2	POWELL RIVER
V8A2B3	POWELL RIVER
V8A2B4	POWELL RIVER
V8A2B5	POWELL RIVER
V8A2B6	POWELL RIVER
V8A2B7	POWELL RIVER
V8A2B8	POWELL RIVER
V8A2B9	POWELL RIVER
V8A2C1	POWELL RIVER
V8A2C2	POWELL RIVER
V8A2C3	POWELL RIVER
V8A2C4	POWELL RIVER
V8A2C6	POWELL RIVER
V8A2C7	POWELL RIVER
V8A2C8	POWELL RIVER
V8A2C9	POWELL RIVER
V8A2E1	POWELL RIVER
V8A2E2	POWELL RIVER
V8A2E3	POWELL RIVER
V8A2E4	POWELL RIVER
V8A2E5	POWELL RIVER
V8A2E6	POWELL RIVER
V8A2E7	POWELL RIVER
V8A2E8	POWELL RIVER
V8A2E9	POWELL RIVER
V8A2G1	POWELL RIVER
V8A2G2	POWELL RIVER
V8A2G3	POWELL RIVER
V8A2G4	POWELL RIVER
V8A2G5	POWELL RIVER
V8A2G6	POWELL RIVER
V8A2G7	POWELL RIVER
V8A2G8	POWELL RIVER
V8A2G9	POWELL RIVER
V8A2H1	POWELL RIVER
V8A2H2	POWELL RIVER
V8A2H3	POWELL RIVER
V8A2H4	POWELL RIVER
V8A2H5	POWELL RIVER
V8A2H6	POWELL RIVER
V8A2H7	POWELL RIVER
V8A2H8	POWELL RIVER
V8A2H9	POWELL RIVER
V8A2J1	POWELL RIVER
V8A2J2	POWELL RIVER
V8A2J3	POWELL RIVER
V8A2J4	POWELL RIVER
V8A2J5	POWELL RIVER
V8A2J6	POWELL RIVER
V8A2J7	POWELL RIVER
V8A2J8	POWELL RIVER
V8A2J9	POWELL RIVER
V8A2K1	POWELL RIVER
V8A2K2	POWELL RIVER
V8A2K3	POWELL RIVER
V8A2K4	POWELL RIVER
V8A2K5	POWELL RIVER
V8A2K6	POWELL RIVER
V8A2K7	POWELL RIVER
V8A2K8	POWELL RIVER
V8A2K9	POWELL RIVER
V8A2L1	POWELL RIVER
V8A2L2	POWELL RIVER
V8A2L4	POWELL RIVER
V8A2L5	POWELL RIVER
V8A2L6	POWELL RIVER
V8A2L7	POWELL RIVER
V8A2L8	POWELL RIVER
V8A2L9	POWELL RIVER
V8A2M1	POWELL RIVER
V8A2M2	POWELL RIVER
V8A2M3	POWELL RIVER
V8A2M4	POWELL RIVER
V8A2M6	POWELL RIVER
V8A2M7	POWELL RIVER
V8A2M8	POWELL RIVER
V8A2M9	POWELL RIVER
V8A2N1	POWELL RIVER
V8A2N2	POWELL RIVER
V8A2N3	POWELL RIVER
V8A2N4	POWELL RIVER
V8A2N5	POWELL RIVER
V8A2N6	POWELL RIVER
V8A2N7	POWELL RIVER
V8A2N8	POWELL RIVER
V8A2N9	POWELL RIVER
V8A2P1	POWELL RIVER
V8A2P2	POWELL RIVER
V8A2P3	POWELL RIVER
V8A2P4	POWELL RIVER
V8A2P5	POWELL RIVER
V8A2P6	POWELL RIVER
V8A2P7	POWELL RIVER
V8A2P8	POWELL RIVER
V8A2P9	POWELL RIVER
V8A2R1	POWELL RIVER
V8A2R2	POWELL RIVER
V8A2R3	POWELL RIVER
V8A2R4	POWELL RIVER
V8A2R5	POWELL RIVER
V8A2R6	POWELL RIVER
V8A2R7	POWELL RIVER
V8A2R8	POWELL RIVER
V8A2R9	POWELL RIVER
V8A2S1	POWELL RIVER
V8A2S2	POWELL RIVER
V8A2S3	POWELL RIVER
V8A2S4	POWELL RIVER
V8A2S5	POWELL RIVER
V8A2S6	POWELL RIVER
V8A2S7	POWELL RIVER
V8A2S8	POWELL RIVER
V8A2S9	POWELL RIVER
V8A2T1	POWELL RIVER
V8A2T2	POWELL RIVER
V8A2T3	POWELL RIVER
V8A2T4	POWELL RIVER
V8A2T5	POWELL RIVER
V8A2T6	POWELL RIVER
V8A2T7	POWELL RIVER
V8A2T8	POWELL RIVER
V8A2T9	POWELL RIVER
V8A2V1	POWELL RIVER
V8A2V2	POWELL RIVER
V8A2V3	POWELL RIVER
V8A2V4	POWELL RIVER
V8A2V5	POWELL RIVER
V8A2V6	POWELL RIVER
V8A2V7	POWELL RIVER
V8A2V8	POWELL RIVER
V8A2W1	POWELL RIVER
V8A2W2	POWELL RIVER
V8A2W3	POWELL RIVER
V8A2W4	POWELL RIVER
V8A2W5	POWELL RIVER
V8A2W6	POWELL RIVER
V8A2W7	POWELL RIVER
V8A2W8	POWELL RIVER
V8A2W9	POWELL RIVER
V8A2X1	POWELL RIVER
V8A2X2	POWELL RIVER
V8A2X3	POWELL RIVER
V8A2X4	POWELL RIVER
V8A2X5	POWELL RIVER
V8A2X6	POWELL RIVER
V8A2X7	POWELL RIVER
V8A2X8	POWELL RIVER
V8A2X9	POWELL RIVER
V8A2Y1	POWELL RIVER
V8A2Y2	POWELL RIVER
V8A2Y3	POWELL RIVER
V8A2Y4	POWELL RIVER
V8A2Y5	POWELL RIVER
V8A2Y6	POWELL RIVER
V8A2Y7	POWELL RIVER
V8A2Y8	POWELL RIVER
V8A2Y9	POWELL RIVER
V8A2Z1	POWELL RIVER
V8A2Z2	POWELL RIVER
V8A2Z3	POWELL RIVER
V8A2Z4	POWELL RIVER
V8A2Z5	POWELL RIVER
V8A2Z6	POWELL RIVER
V8A2Z7	POWELL RIVER
V8A2Z8	POWELL RIVER
V8A2Z9	POWELL RIVER
V8A3A1	POWELL RIVER
V8A3A2	POWELL RIVER
V8A3A3	POWELL RIVER
V8A3A4	POWELL RIVER
V8A3A5	POWELL RIVER
V8A3A6	POWELL RIVER
V8A3A7	POWELL RIVER
V8A3A8	POWELL RIVER
V8A3A9	POWELL RIVER
V8A3B1	POWELL RIVER
V8A3B2	POWELL RIVER
V8A3B3	POWELL RIVER
V8A3B4	POWELL RIVER
V8A3B5	POWELL RIVER
V8A3B6	POWELL RIVER
V8A3B7	POWELL RIVER
V8A3B8	POWELL RIVER
V8A3B9	POWELL RIVER
V8A3C1	POWELL RIVER
V8A3C2	POWELL RIVER
V8A3C3	POWELL RIVER
V8A3C4	POWELL RIVER
V8A3C5	POWELL RIVER
V8A3C6	POWELL RIVER
V8A3C7	POWELL RIVER
V8A3C8	POWELL RIVER
V8A3C9	POWELL RIVER
V8A3E1	POWELL RIVER
V8A3E2	POWELL RIVER
V8A3E3	POWELL RIVER
V8A3E4	POWELL RIVER
V8A3E5	POWELL RIVER
V8A3E6	POWELL RIVER
V8A3E7	POWELL RIVER
V8A3E8	POWELL RIVER
V8A3E9	POWELL RIVER
V8A3G1	POWELL RIVER
V8A3G2	POWELL RIVER
V8A3G3	POWELL RIVER
V8A3G4	POWELL RIVER
V8A3G5	POWELL RIVER
V8A3G6	POWELL RIVER
V8A3G7	POWELL RIVER
V8A3G8	POWELL RIVER
V8A3G9	POWELL RIVER
V8A3H1	POWELL RIVER
V8A3H2	POWELL RIVER
V8A3H3	POWELL RIVER
V8A3H4	POWELL RIVER
V8A3H5	POWELL RIVER
V8A3H6	POWELL RIVER
V8A3H7	POWELL RIVER
V8A3H8	POWELL RIVER
V8A3H9	POWELL RIVER
V8A3J1	POWELL RIVER
V8A3J2	POWELL RIVER
V8A3J3	POWELL RIVER
V8A3J4	POWELL RIVER
V8A3J5	POWELL RIVER
V8A3J6	POWELL RIVER
V8A3J7	POWELL RIVER
V8A3J8	POWELL RIVER
V8A3J9	POWELL RIVER
V8A3K1	POWELL RIVER
V8A3K2	POWELL RIVER
V8A3K3	POWELL RIVER
V8A3K4	POWELL RIVER
V8A3K5	POWELL RIVER
V8A3K6	POWELL RIVER
V8A3K7	POWELL RIVER
V8A3K8	POWELL RIVER
V8A3K9	POWELL RIVER
V8A3L1	POWELL RIVER
V8A3L2	POWELL RIVER
V8A3L3	POWELL RIVER
V8A3L4	POWELL RIVER
V8A3L5	POWELL RIVER
V8A3L6	POWELL RIVER
V8A3L7	POWELL RIVER
V8A3L8	POWELL RIVER
V8A3L9	POWELL RIVER
V8A3M1	POWELL RIVER
V8A3M2	POWELL RIVER
V8A3M3	POWELL RIVER
V8A3M4	POWELL RIVER
V8A3M5	POWELL RIVER
V8A3M6	POWELL RIVER
V8A3M7	POWELL RIVER
V8A3M8	POWELL RIVER
V8A3M9	POWELL RIVER
V8A3N1	POWELL RIVER
V8A3N2	POWELL RIVER
V8A3N3	POWELL RIVER
V8A3N4	POWELL RIVER
V8A3N5	POWELL RIVER
V8A3N6	POWELL RIVER
V8A3N7	POWELL RIVER
V8A3N8	POWELL RIVER
V8A3N9	POWELL RIVER
V8A3P1	POWELL RIVER
V8A3P2	POWELL RIVER
V8A3P3	POWELL RIVER
V8A3P4	POWELL RIVER
V8A3P5	POWELL RIVER
V8A3P6	POWELL RIVER
V8A3P7	POWELL RIVER
V8A3P8	POWELL RIVER
V8A3P9	POWELL RIVER
V8A3R1	POWELL RIVER
V8A3R2	POWELL RIVER
V8A3R3	POWELL RIVER
V8A3R4	POWELL RIVER
V8A3R5	POWELL RIVER
V8A3R6	POWELL RIVER
V8A3R7	POWELL RIVER
V8A3R8	POWELL RIVER
V8A3S1	POWELL RIVER
V8A3S2	POWELL RIVER
V8A3S3	POWELL RIVER
V8A3S4	POWELL RIVER
V8A3S5	POWELL RIVER
V8A3S6	POWELL RIVER
V8A3S7	POWELL RIVER
V8A3S8	POWELL RIVER
V8A3S9	POWELL RIVER
V8A3T1	POWELL RIVER
V8A3T2	POWELL RIVER
V8A3T3	POWELL RIVER
V8A3T5	POWELL RIVER
V8A3T6	POWELL RIVER
V8A3T7	POWELL RIVER
V8A3T8	POWELL RIVER
V8A3T9	POWELL RIVER
V8A3V1	POWELL RIVER
V8A3V2	POWELL RIVER
V8A3V3	POWELL RIVER
V8A3V4	POWELL RIVER
V8A3V5	POWELL RIVER
V8A3V6	POWELL RIVER
V8A3V7	POWELL RIVER
V8A3V8	POWELL RIVER
V8A3V9	POWELL RIVER
V8A3W1	POWELL RIVER
V8A3W2	POWELL RIVER
V8A3W3	POWELL RIVER
V8A3W4	POWELL RIVER
V8A3W5	POWELL RIVER
V8A3W6	POWELL RIVER
V8A3W7	POWELL RIVER
V8A3W8	POWELL RIVER
V8A3W9	POWELL RIVER
V8A3X1	POWELL RIVER
V8A3X2	POWELL RIVER
V8A3X3	POWELL RIVER
V8A3X4	POWELL RIVER
V8A3X5	POWELL RIVER
V8A3X6	POWELL RIVER
V8A3X7	POWELL RIVER
V8A3X8	POWELL RIVER
V8A3X9	POWELL RIVER
V8A3Y1	POWELL RIVER
V8A3Y2	POWELL RIVER
V8A3Y3	POWELL RIVER
V8A3Y4	POWELL RIVER
V8A3Y5	POWELL RIVER
V8A3Y7	POWELL RIVER
V8A3Y8	POWELL RIVER
V8A3Y9	POWELL RIVER
V8A3Z1	POWELL RIVER
V8A3Z2	POWELL RIVER
V8A3Z3	POWELL RIVER
V8A3Z4	POWELL RIVER
V8A3Z5	POWELL RIVER
V8A3Z6	POWELL RIVER
V8A3Z7	POWELL RIVER
V8A3Z8	POWELL RIVER
V8A3Z9	POWELL RIVER
V8A4A1	POWELL RIVER
V8A4A2	POWELL RIVER
V8A4A3	POWELL RIVER
V8A4A4	POWELL RIVER
V8A4A5	POWELL RIVER
V8A4A6	POWELL RIVER
V8A4A7	POWELL RIVER
V8A4A8	POWELL RIVER
V8A4A9	POWELL RIVER
V8A4B1	POWELL RIVER
V8A4B2	POWELL RIVER
V8A4B3	POWELL RIVER
V8A4B4	POWELL RIVER
V8A4B5	POWELL RIVER
V8A4B6	POWELL RIVER
V8A4B7	POWELL RIVER
V8A4B8	POWELL RIVER
V8A4B9	POWELL RIVER
V8A4C1	POWELL RIVER
V8A4C2	POWELL RIVER
V8A4C3	POWELL RIVER
V8A4C4	POWELL RIVER
V8A4C5	POWELL RIVER
V8A4C6	POWELL RIVER
V8A4C7	POWELL RIVER
V8A4C8	POWELL RIVER
V8A4C9	POWELL RIVER
V8A4E1	POWELL RIVER
V8A4E2	POWELL RIVER
V8A4E3	POWELL RIVER
V8A4E4	POWELL RIVER
V8A4E5	POWELL RIVER
V8A4E6	POWELL RIVER
V8A4E7	POWELL RIVER
V8A4E8	POWELL RIVER
V8A4E9	POWELL RIVER
V8A4G1	POWELL RIVER
V8A4G2	POWELL RIVER
V8A4G3	POWELL RIVER
V8A4G4	POWELL RIVER
V8A4G5	POWELL RIVER
V8A4G6	POWELL RIVER
V8A4G7	POWELL RIVER
V8A4G8	POWELL RIVER
V8A4G9	POWELL RIVER
V8A4H1	POWELL RIVER
V8A4H2	POWELL RIVER
V8A4H3	POWELL RIVER
V8A4H4	POWELL RIVER
V8A4H5	POWELL RIVER
V8A4H6	POWELL RIVER
V8A4H7	POWELL RIVER
V8A4H8	POWELL RIVER
V8A4H9	POWELL RIVER
V8A4J1	POWELL RIVER
V8A4J2	POWELL RIVER
V8A4J3	POWELL RIVER
V8A4J4	POWELL RIVER
V8A4J6	POWELL RIVER
V8A4J7	POWELL RIVER
V8A4J8	POWELL RIVER
V8A4J9	POWELL RIVER
V8A4K1	POWELL RIVER
V8A4K2	POWELL RIVER
V8A4K3	POWELL RIVER
V8A4K4	POWELL RIVER
V8A4K5	POWELL RIVER
V8A4K6	POWELL RIVER
V8A4K7	POWELL RIVER
V8A4K8	POWELL RIVER
V8A4K9	POWELL RIVER
V8A4L1	POWELL RIVER
V8A4L2	POWELL RIVER
V8A4L3	POWELL RIVER
V8A4L4	POWELL RIVER
V8A4L5	POWELL RIVER
V8A4L6	POWELL RIVER
V8A4L7	POWELL RIVER
V8A4L8	POWELL RIVER
V8A4L9	POWELL RIVER
V8A4M1	POWELL RIVER
V8A4M2	POWELL RIVER
V8A4M3	POWELL RIVER
V8A4M4	POWELL RIVER
V8A4M5	POWELL RIVER
V8A4M6	POWELL RIVER
V8A4M7	POWELL RIVER
V8A4M8	POWELL RIVER
V8A4M9	POWELL RIVER
V8A4N1	POWELL RIVER
V8A4N2	POWELL RIVER
V8A4N3	POWELL RIVER
V8A4N4	POWELL RIVER
V8A4N5	POWELL RIVER
V8A4N6	POWELL RIVER
V8A4N7	POWELL RIVER
V8A4N8	POWELL RIVER
V8A4N9	POWELL RIVER
V8A4P1	POWELL RIVER
V8A4P2	POWELL RIVER
V8A4P3	POWELL RIVER
V8A4P4	POWELL RIVER
V8A4P5	POWELL RIVER
V8A4P6	POWELL RIVER
V8A4P7	POWELL RIVER
V8A4P8	POWELL RIVER
V8A4P9	POWELL RIVER
V8A4R1	POWELL RIVER
V8A4R2	POWELL RIVER
V8A4R3	POWELL RIVER
V8A4R4	POWELL RIVER
V8A4R5	POWELL RIVER
V8A4R6	POWELL RIVER
V8A4R7	POWELL RIVER
V8A4R9	POWELL RIVER
V8A4S1	POWELL RIVER
V8A4S2	POWELL RIVER
V8A4S5	POWELL RIVER
V8A4S6	POWELL RIVER
V8A4S7	POWELL RIVER
V8A4S8	POWELL RIVER
V8A4S9	POWELL RIVER
V8A4T1	POWELL RIVER
V8A4T2	POWELL RIVER
V8A4T3	POWELL RIVER
V8A4T4	POWELL RIVER
V8A4T5	POWELL RIVER
V8A4T6	POWELL RIVER
V8A4T7	POWELL RIVER
V8A4T8	POWELL RIVER
V8A4T9	POWELL RIVER
V8A4V1	POWELL RIVER
V8A4V2	POWELL RIVER
V8A4V3	POWELL RIVER
V8A4V4	POWELL RIVER
V8A4V5	POWELL RIVER
V8A4V6	POWELL RIVER
V8A4V9	POWELL RIVER
V8A4W2	POWELL RIVER
V8A4W3	POWELL RIVER
V8A4W4	POWELL RIVER
V8A4W5	POWELL RIVER
V8A4W6	POWELL RIVER
V8A4W7	POWELL RIVER
V8A4W8	POWELL RIVER
V8A4W9	POWELL RIVER
V8A4X2	POWELL RIVER
V8A4X3	POWELL RIVER
V8A4X4	POWELL RIVER
V8A4X5	POWELL RIVER
V8A4X6	POWELL RIVER
V8A4X7	POWELL RIVER
V8A4X8	POWELL RIVER
V8A4X9	POWELL RIVER
V8A4Y1	POWELL RIVER
V8A4Y2	POWELL RIVER
V8A4Y3	POWELL RIVER
V8A4Y4	POWELL RIVER
V8A4Y5	POWELL RIVER
V8A4Y6	POWELL RIVER
V8A4Y7	POWELL RIVER
V8A4Y8	POWELL RIVER
V8A4Y9	POWELL RIVER
V8A4Z2	POWELL RIVER
V8A4Z3	POWELL RIVER
V8A4Z4	POWELL RIVER
V8A4Z5	POWELL RIVER
V8A4Z6	POWELL RIVER
V8A4Z8	POWELL RIVER
V8A4Z9	POWELL RIVER
V8A5A1	POWELL RIVER
V8A5A2	POWELL RIVER
V8A5A3	POWELL RIVER
V8A5A4	POWELL RIVER
V8A5A6	POWELL RIVER
V8A5A7	POWELL RIVER
V8A5A8	POWELL RIVER
V8A5A9	POWELL RIVER
V8A5B1	POWELL RIVER
V8A5B3	POWELL RIVER
V8A5B4	POWELL RIVER
V8A5B5	POWELL RIVER
V8A5B6	POWELL RIVER
V8A5B7	POWELL RIVER
V8A5B8	POWELL RIVER
V8A5B9	POWELL RIVER
V8A5C1	POWELL RIVER
V8A5C2	POWELL RIVER
V8A5C3	POWELL RIVER
V8A5C4	POWELL RIVER
V8A5C5	POWELL RIVER
V8A5C6	POWELL RIVER
V8A5C7	POWELL RIVER
V8A5C8	POWELL RIVER
V8A5C9	POWELL RIVER
V8A5E1	POWELL RIVER
V8A5E3	POWELL RIVER
V8A5E4	POWELL RIVER
V8A5E5	POWELL RIVER
V8A5E6	POWELL RIVER
V8A5E7	POWELL RIVER
V8A5E8	POWELL RIVER
V8A5E9	POWELL RIVER
V8A5G1	POWELL RIVER
V8A5G2	POWELL RIVER
V8A5G3	POWELL RIVER
V8A5G6	POWELL RIVER
V8A5G7	POWELL RIVER
V8A5G8	POWELL RIVER
V8A5G9	POWELL RIVER
V8A5H1	POWELL RIVER
V8A5H2	POWELL RIVER
V8A5H3	POWELL RIVER
V8A5H4	POWELL RIVER
V8A5H5	POWELL RIVER
V8A5H6	POWELL RIVER
V8A5H7	POWELL RIVER
V8A5H8	POWELL RIVER
V8A5H9	POWELL RIVER
V8A5J1	POWELL RIVER
V8A5J2	POWELL RIVER
V8A5J3	POWELL RIVER
V8A5J4	POWELL RIVER
V8A5J5	POWELL RIVER
V8A5J6	POWELL RIVER
V8A5J7	POWELL RIVER
V8A5J8	POWELL RIVER
V8A5K1	POWELL RIVER
V8A5K2	POWELL RIVER
V8A5K4	POWELL RIVER
V8A5K5	POWELL RIVER
V8A5K6	POWELL RIVER
V8A5K7	POWELL RIVER
V8A5K8	POWELL RIVER
V8A5K9	POWELL RIVER
V8A5L1	POWELL RIVER
V8A5L2	POWELL RIVER
V8A5L3	POWELL RIVER
V8A5L4	POWELL RIVER
V8A5L5	POWELL RIVER
V8A5L6	POWELL RIVER
V8A5L7	POWELL RIVER
V8A5L8	POWELL RIVER
V8A5L9	POWELL RIVER
V8A5M1	POWELL RIVER
V8A5M2	POWELL RIVER
V8A5M3	POWELL RIVER
V8A5M4	POWELL RIVER
V8A5M5	POWELL RIVER
V8A5M6	POWELL RIVER
V8A5M7	POWELL RIVER
V8A5M8	POWELL RIVER
V8A5N1	POWELL RIVER
V8A5N2	POWELL RIVER
V8A5N3	POWELL RIVER
V8A5N6	POWELL RIVER
V8A5N7	POWELL RIVER
V8A5N8	POWELL RIVER
V8A5N9	POWELL RIVER
V8A5P1	POWELL RIVER
V8A5P2	POWELL RIVER
V8A5P3	POWELL RIVER
V8A5P4	POWELL RIVER
V8A5P5	POWELL RIVER
V8A5P6	POWELL RIVER
V8A5P7	POWELL RIVER
V8A5P8	POWELL RIVER
V8A5P9	POWELL RIVER
V8A5R1	POWELL RIVER
V8A5R2	POWELL RIVER
V8A5R3	POWELL RIVER
V8A5R5	POWELL RIVER
V8A5R6	POWELL RIVER
V8A5R7	POWELL RIVER
V8A5R8	POWELL RIVER
V8A5R9	POWELL RIVER
V8A5S1	POWELL RIVER
V8A5S2	POWELL RIVER
V8A5S5	POWELL RIVER
V8A5S6	POWELL RIVER
V8A5S7	POWELL RIVER
V8A5S8	POWELL RIVER
V8A5S9	POWELL RIVER
V8A5T1	POWELL RIVER
V8A5T2	POWELL RIVER
V8A5T3	POWELL RIVER
V8A5T4	POWELL RIVER
V8A5T5	POWELL RIVER
V8A5T6	POWELL RIVER
V8A5T7	POWELL RIVER
V8A5T8	POWELL RIVER
V8A5T9	POWELL RIVER
V8A5V1	POWELL RIVER
V8A5V2	POWELL RIVER
V8A5V3	POWELL RIVER
V8A5V4	POWELL RIVER
V8A5V6	POWELL RIVER
V8A5V7	POWELL RIVER
V8H0A1	COBBLE HILL
V8H0A2	COBBLE HILL
V8H0A3	COBBLE HILL
V8H0A4	COBBLE HILL
V8H0A5	COBBLE HILL
V8H0A6	COBBLE HILL
V8H0A7	COBBLE HILL
V8H0A8	COBBLE HILL
V8H0A9	COBBLE HILL
V8H0B1	COBBLE HILL
V8H0B2	COBBLE HILL
V8H0B3	COBBLE HILL
V8H0B4	COBBLE HILL
V8H0B5	COBBLE HILL
V8H0B6	COBBLE HILL
V8H0B7	COBBLE HILL
V8H0B8	COBBLE HILL
V8H0B9	COBBLE HILL
V8H0C1	COBBLE HILL
V8H0C2	COBBLE HILL
V8H0C3	COBBLE HILL
V8H0C4	COBBLE HILL
V8H0C5	COBBLE HILL
V8H0C6	COBBLE HILL
V8H0C7	COBBLE HILL
V8H0C8	COBBLE HILL
V8H0C9	COBBLE HILL
V8H0E1	COBBLE HILL
V8H0E2	COBBLE HILL
V8H0E3	COBBLE HILL
V8H0E4	COBBLE HILL
V8H0E5	COBBLE HILL
V8H0E6	COBBLE HILL
V8H0E7	COBBLE HILL
V8H0E8	COBBLE HILL
V8H0E9	COBBLE HILL
V8H0G1	COBBLE HILL
V8H0G2	COBBLE HILL
V8H0G3	COBBLE HILL
V8H0G4	COBBLE HILL
V8H0G5	COBBLE HILL
V8H0G6	COBBLE HILL
V8H0G7	COBBLE HILL
V8H0G8	COBBLE HILL
V8H0G9	COBBLE HILL
V8H0H1	COBBLE HILL
V8H0H2	COBBLE HILL
V8H0H3	COBBLE HILL
V8H0H4	COBBLE HILL
V8H0H5	COBBLE HILL
V8H0H6	COBBLE HILL
V8H0H7	COBBLE HILL
V8H0H8	COBBLE HILL
V8H0H9	COBBLE HILL
V8H0J1	COBBLE HILL
V8H0J2	COBBLE HILL
V8H0J3	COBBLE HILL
V8H0J4	COBBLE HILL
V8H0J5	COBBLE HILL
V8H0J6	COBBLE HILL
V8H0J7	COBBLE HILL
V8H0J8	COBBLE HILL
V8H0J9	COBBLE HILL
V8H0K1	COBBLE HILL
V8H0K2	COBBLE HILL
V8H0K3	COBBLE HILL
V8H0K4	COBBLE HILL
V8H0K5	COBBLE HILL
V8H0K6	COBBLE HILL
V8H0K8	COBBLE HILL
V8H0K9	COBBLE HILL
V8H0L1	COBBLE HILL
V8H0L2	COBBLE HILL
V8H0Z1	COBBLE HILL
V8H0Z2	COBBLE HILL
V8H0Z3	COBBLE HILL
V8H0Z4	COBBLE HILL
V8H0Z5	COBBLE HILL
V8H0Z6	COBBLE HILL
V8H0Z7	COBBLE HILL
V8H0Z8	COBBLE HILL
V8H1A1	MILL BAY
V8H1A2	MILL BAY
V8H1A3	MILL BAY
V8H1A4	MILL BAY
V8H1A5	MILL BAY
V8H1A6	MILL BAY
V8H1A7	MILL BAY
V8H1A8	MILL BAY
V8H1A9	MILL BAY
V8H1B1	MILL BAY
V8H1B2	MILL BAY
V8H1B3	MILL BAY
V8H1B4	MILL BAY
V8H1B5	MILL BAY
V8H1B6	MILL BAY
V8H1B7	MILL BAY
V8H1B8	MILL BAY
V8H1B9	MILL BAY
V8H1C1	MILL BAY
V8H1C2	MILL BAY
V8H1C3	MILL BAY
V8H1C4	MILL BAY
V8H1C5	MILL BAY
V8H1C6	MILL BAY
V8H1C7	MILL BAY
V8H1C8	MILL BAY
V8H1C9	MILL BAY
V8H1E1	MILL BAY
V8H1E2	MILL BAY
V8H1E3	MILL BAY
V8H1E4	MILL BAY
V8H1E5	MILL BAY
V8H1E6	MILL BAY
V8H1E7	MILL BAY
V8H1E8	MILL BAY
V8H1E9	MILL BAY
V8H1G1	MILL BAY
V8H1G2	MILL BAY
V8H1G3	MILL BAY
V8H1G4	MILL BAY
V8H1G5	MILL BAY
V8H1G6	MILL BAY
V8H1G7	MILL BAY
V8H1G8	MILL BAY
V8H1G9	MILL BAY
V8H1H1	MILL BAY
V8H1H2	MILL BAY
V8H1H3	MILL BAY
V8H1H4	MILL BAY
V8H1H5	MILL BAY
V8H1H6	MILL BAY
V8H1H7	MILL BAY
V8H1H8	MILL BAY
V8H1H9	MILL BAY
V8H1J1	MILL BAY
V8H1J2	MILL BAY
V8H1K1	MILL BAY
V8H1K8	MILL BAY
V8H1K9	MILL BAY
V8H2A1	SHAWNIGAN LAKE
V8H2A2	SHAWNIGAN LAKE
V8H2A3	SHAWNIGAN LAKE
V8H2A4	SHAWNIGAN LAKE
V8H2A5	SHAWNIGAN LAKE
V8H2A6	SHAWNIGAN LAKE
V8H2A7	SHAWNIGAN LAKE
V8H2A8	SHAWNIGAN LAKE
V8H2A9	SHAWNIGAN LAKE
V8H2B1	SHAWNIGAN LAKE
V8H2B2	SHAWNIGAN LAKE
V8H2B3	SHAWNIGAN LAKE
V8H2B4	SHAWNIGAN LAKE
V8H2B5	SHAWNIGAN LAKE
V8H2B6	SHAWNIGAN LAKE
V8H2B7	SHAWNIGAN LAKE
V8H2B8	SHAWNIGAN LAKE
V8H2B9	SHAWNIGAN LAKE
V8H2C1	SHAWNIGAN LAKE
V8H2C2	SHAWNIGAN LAKE
V8H2C3	SHAWNIGAN LAKE
V8H2C4	SHAWNIGAN LAKE
V8H2C5	SHAWNIGAN LAKE
V8H2C6	SHAWNIGAN LAKE
V8H2C7	SHAWNIGAN LAKE
V8H2C8	SHAWNIGAN LAKE
V8H2C9	SHAWNIGAN LAKE
V8H2E1	SHAWNIGAN LAKE
V8H2E2	SHAWNIGAN LAKE
V8H2E3	SHAWNIGAN LAKE
V8H2E4	SHAWNIGAN LAKE
V8H2E5	SHAWNIGAN LAKE
V8H2E6	SHAWNIGAN LAKE
V8H2E7	SHAWNIGAN LAKE
V8H2E8	SHAWNIGAN LAKE
V8H2E9	SHAWNIGAN LAKE
V8H2G1	SHAWNIGAN LAKE
V8H2G2	SHAWNIGAN LAKE
V8H2G3	SHAWNIGAN LAKE
V8H2G4	SHAWNIGAN LAKE
V8H2G5	SHAWNIGAN LAKE
V8H2G6	SHAWNIGAN LAKE
V8H2G7	SHAWNIGAN LAKE
V8H2G8	SHAWNIGAN LAKE
V8H2G9	SHAWNIGAN LAKE
V8H2H1	SHAWNIGAN LAKE
V8H2H2	SHAWNIGAN LAKE
V8H2H3	SHAWNIGAN LAKE
V8H2H4	SHAWNIGAN LAKE
V8H2H5	SHAWNIGAN LAKE
V8H2H6	SHAWNIGAN LAKE
V8H2H7	SHAWNIGAN LAKE
V8H2H8	SHAWNIGAN LAKE
V8H2H9	SHAWNIGAN LAKE
V8H2J1	SHAWNIGAN LAKE
V8H2J2	SHAWNIGAN LAKE
V8H2J3	SHAWNIGAN LAKE
V8H2K1	SHAWNIGAN LAKE
V8H2K2	SHAWNIGAN LAKE
V8H2K3	SHAWNIGAN LAKE
V8H3A1	SHAWNIGAN LAKE
V8H3A3	SHAWNIGAN LAKE
V8H3A5	SHAWNIGAN LAKE
V8H3A6	SHAWNIGAN LAKE
V8H3A7	SHAWNIGAN LAKE
V8H3A8	SHAWNIGAN LAKE
V8H3A9	SHAWNIGAN LAKE
V8H3B1	SHAWNIGAN LAKE
V8H3B2	SHAWNIGAN LAKE
V8H3B3	SHAWNIGAN LAKE
V8H3B4	SHAWNIGAN LAKE
V8H3B6	SHAWNIGAN LAKE
V8H3B7	SHAWNIGAN LAKE
V8H3B8	SHAWNIGAN LAKE
V8H3B9	SHAWNIGAN LAKE
V8H3C1	SHAWNIGAN LAKE
V8H4A1	COBBLE HILL
V8H4A2	COBBLE HILL
V8H4A3	COBBLE HILL
V8H4A4	COBBLE HILL
V8H4A5	COBBLE HILL
V8H4A6	COBBLE HILL
V8H4A7	COBBLE HILL
V8H4A8	COBBLE HILL
V8H4A9	COBBLE HILL
V8K0A1	SALT SPRING
V8K0A2	SALT SPRING
V8K0A3	SALT SPRING
V8K0A4	SALT SPRING
V8K0A5	SALT SPRING
V8K0A6	SALT SPRING
V8K0A7	SALT SPRING
V8K0A8	SALT SPRING
V8K0A9	SALT SPRING
V8K0B1	SALT SPRING
V8K0B2	SALT SPRING
V8K1A1	SALT SPRING
V8K1A2	SALT SPRING
V8K1A3	SALT SPRING
V8K1A4	SALT SPRING
V8K1A5	SALT SPRING
V8K1A6	SALT SPRING
V8K1A7	SALT SPRING
V8K1A8	SALT SPRING
V8K1A9	SALT SPRING
V8K1B1	SALT SPRING
V8K1B2	SALT SPRING
V8K1B3	SALT SPRING
V8K1B5	SALT SPRING
V8K1B6	SALT SPRING
V8K1B7	SALT SPRING
V8K1B8	SALT SPRING
V8K1B9	SALT SPRING
V8K1C1	SALT SPRING
V8K1C2	SALT SPRING
V8K1C3	SALT SPRING
V8K1C4	SALT SPRING
V8K1C5	SALT SPRING
V8K1C6	SALT SPRING
V8K1C7	SALT SPRING
V8K1C8	SALT SPRING
V8K1C9	SALT SPRING
V8K1E1	SALT SPRING
V8K1E2	SALT SPRING
V8K1E3	SALT SPRING
V8K1E4	SALT SPRING
V8K1E5	SALT SPRING
V8K1E6	SALT SPRING
V8K1E7	SALT SPRING
V8K1E8	SALT SPRING
V8K1E9	SALT SPRING
V8K1G1	SALT SPRING
V8K1G2	SALT SPRING
V8K1G3	SALT SPRING
V8K1G5	SALT SPRING
V8K1G6	SALT SPRING
V8K1G7	SALT SPRING
V8K1G8	SALT SPRING
V8K1G9	SALT SPRING
V8K1H1	SALT SPRING
V8K1H2	SALT SPRING
V8K1H3	SALT SPRING
V8K1H4	SALT SPRING
V8K1H5	SALT SPRING
V8K1H6	SALT SPRING
V8K1H7	SALT SPRING
V8K1H8	SALT SPRING
V8K1H9	SALT SPRING
V8K1J1	SALT SPRING
V8K1J2	SALT SPRING
V8K1J3	SALT SPRING
V8K1J4	SALT SPRING
V8K1J5	SALT SPRING
V8K1J6	SALT SPRING
V8K1J7	SALT SPRING
V8K1J8	SALT SPRING
V8K1J9	SALT SPRING
V8K1K1	SALT SPRING
V8K1K2	SALT SPRING
V8K1K3	SALT SPRING
V8K1K4	SALT SPRING
V8K1K5	SALT SPRING
V8K1K6	SALT SPRING
V8K1K7	SALT SPRING
V8K1K8	SALT SPRING
V8K1K9	SALT SPRING
V8K1L1	SALT SPRING
V8K1L2	SALT SPRING
V8K1L3	SALT SPRING
V8K1L4	SALT SPRING
V8K1L5	SALT SPRING
V8K1L6	SALT SPRING
V8K1L7	SALT SPRING
V8K1L8	SALT SPRING
V8K1L9	SALT SPRING
V8K1M1	SALT SPRING
V8K1M2	SALT SPRING
V8K1M3	SALT SPRING
V8K1M4	SALT SPRING
V8K1M5	SALT SPRING
V8K1M6	SALT SPRING
V8K1M7	SALT SPRING
V8K1M8	SALT SPRING
V8K1M9	SALT SPRING
V8K1N1	SALT SPRING
V8K1N2	SALT SPRING
V8K1N3	SALT SPRING
V8K1N4	SALT SPRING
V8K1N5	SALT SPRING
V8K1N6	SALT SPRING
V8K1N7	SALT SPRING
V8K1N8	SALT SPRING
V8K1N9	SALT SPRING
V8K1P1	SALT SPRING
V8K1P2	SALT SPRING
V8K1P3	SALT SPRING
V8K1P4	SALT SPRING
V8K1P5	SALT SPRING
V8K1P6	SALT SPRING
V8K1P7	SALT SPRING
V8K1P8	SALT SPRING
V8K1P9	SALT SPRING
V8K1R1	SALT SPRING
V8K1R2	SALT SPRING
V8K1R3	SALT SPRING
V8K1R4	SALT SPRING
V8K1R5	SALT SPRING
V8K1R6	SALT SPRING
V8K1R7	SALT SPRING
V8K1R8	SALT SPRING
V8K1R9	SALT SPRING
V8K1S1	SALT SPRING
V8K1S2	SALT SPRING
V8K1S3	SALT SPRING
V8K1S4	SALT SPRING
V8K1S5	SALT SPRING
V8K1S6	SALT SPRING
V8K1S7	SALT SPRING
V8K1S8	SALT SPRING
V8K1S9	SALT SPRING
V8K1T1	SALT SPRING
V8K1T2	SALT SPRING
V8K1T3	SALT SPRING
V8K1T4	SALT SPRING
V8K1T5	SALT SPRING
V8K1T6	SALT SPRING
V8K1T7	SALT SPRING
V8K1T8	SALT SPRING
V8K1T9	SALT SPRING
V8K1V1	SALT SPRING
V8K1V2	SALT SPRING
V8K1V3	SALT SPRING
V8K1V4	SALT SPRING
V8K1V5	SALT SPRING
V8K1V6	SALT SPRING
V8K1V7	SALT SPRING
V8K1V8	SALT SPRING
V8K1V9	SALT SPRING
V8K1W1	SALT SPRING
V8K1W2	SALT SPRING
V8K1W3	SALT SPRING
V8K1W4	SALT SPRING
V8K1W5	SALT SPRING
V8K1W6	SALT SPRING
V8K1W7	SALT SPRING
V8K1W8	SALT SPRING
V8K1W9	SALT SPRING
V8K1X1	SALT SPRING
V8K1X2	SALT SPRING
V8K1X3	SALT SPRING
V8K1X4	SALT SPRING
V8K1X5	SALT SPRING
V8K1X6	SALT SPRING
V8K1X8	SALT SPRING
V8K1X9	SALT SPRING
V8K1Y1	SALT SPRING
V8K1Y2	SALT SPRING
V8K1Y3	SALT SPRING
V8K1Y4	SALT SPRING
V8K1Y5	SALT SPRING
V8K1Y6	SALT SPRING
V8K1Y7	SALT SPRING
V8K1Y8	SALT SPRING
V8K1Y9	SALT SPRING
V8K1Z2	SALT SPRING
V8K1Z3	SALT SPRING
V8K1Z4	SALT SPRING
V8K1Z5	SALT SPRING
V8K1Z6	SALT SPRING
V8K1Z7	SALT SPRING
V8K1Z8	SALT SPRING
V8K1Z9	SALT SPRING
V8K2A2	SALT SPRING
V8K2A3	SALT SPRING
V8K2A4	SALT SPRING
V8K2A5	SALT SPRING
V8K2A6	SALT SPRING
V8K2A8	SALT SPRING
V8K2A9	SALT SPRING
V8K2B1	SALT SPRING
V8K2B2	SALT SPRING
V8K2B3	SALT SPRING
V8K2B4	SALT SPRING
V8K2B5	SALT SPRING
V8K2B6	SALT SPRING
V8K2B7	SALT SPRING
V8K2B8	SALT SPRING
V8K2B9	SALT SPRING
V8K2C1	SALT SPRING
V8K2C2	SALT SPRING
V8K2C3	SALT SPRING
V8K2C4	SALT SPRING
V8K2C5	SALT SPRING
V8K2C6	SALT SPRING
V8K2C7	SALT SPRING
V8K2C8	SALT SPRING
V8K2C9	SALT SPRING
V8K2E1	SALT SPRING
V8K2E2	SALT SPRING
V8K2E3	SALT SPRING
V8K2E4	SALT SPRING
V8K2E5	SALT SPRING
V8K2E6	SALT SPRING
V8K2E7	SALT SPRING
V8K2E8	SALT SPRING
V8K2E9	SALT SPRING
V8K2G1	SALT SPRING
V8K2G2	SALT SPRING
V8K2G3	SALT SPRING
V8K2G4	SALT SPRING
V8K2G5	SALT SPRING
V8K2G6	SALT SPRING
V8K2G7	SALT SPRING
V8K2G8	SALT SPRING
V8K2G9	SALT SPRING
V8K2H1	SALT SPRING
V8K2H2	SALT SPRING
V8K2H3	SALT SPRING
V8K2H4	SALT SPRING
V8K2H5	SALT SPRING
V8K2H6	SALT SPRING
V8K2H7	SALT SPRING
V8K2H8	SALT SPRING
V8K2H9	SALT SPRING
V8K2J1	SALT SPRING
V8K2J2	SALT SPRING
V8K2J3	SALT SPRING
V8K2J4	SALT SPRING
V8K2J5	SALT SPRING
V8K2J6	SALT SPRING
V8K2J7	SALT SPRING
V8K2J8	SALT SPRING
V8K2J9	SALT SPRING
V8K2K1	SALT SPRING
V8K2K2	SALT SPRING
V8K2K3	SALT SPRING
V8K2K4	SALT SPRING
V8K2K5	SALT SPRING
V8K2K6	SALT SPRING
V8K2K7	SALT SPRING
V8K2K8	SALT SPRING
V8K2K9	SALT SPRING
V8K2L1	SALT SPRING
V8K2L2	SALT SPRING
V8K2L3	SALT SPRING
V8K2L4	SALT SPRING
V8K2L5	SALT SPRING
V8K2L6	SALT SPRING
V8K2L7	SALT SPRING
V8K2L8	SALT SPRING
V8K2L9	SALT SPRING
V8K2M1	SALT SPRING
V8K2M2	SALT SPRING
V8K2M3	SALT SPRING
V8K2M4	SALT SPRING
V8K2M5	SALT SPRING
V8K2M6	SALT SPRING
V8K2M7	SALT SPRING
V8K2M8	SALT SPRING
V8K2M9	SALT SPRING
V8K2N1	SALT SPRING
V8K2N2	SALT SPRING
V8K2N3	SALT SPRING
V8K2N4	SALT SPRING
V8K2N5	SALT SPRING
V8K2N6	SALT SPRING
V8K2N7	SALT SPRING
V8K2N8	SALT SPRING
V8K2N9	SALT SPRING
V8K2P1	SALT SPRING
V8K2P2	SALT SPRING
V8K2P3	SALT SPRING
V8K2P4	SALT SPRING
V8K2P5	SALT SPRING
V8K2P6	SALT SPRING
V8K2P7	SALT SPRING
V8K2P8	SALT SPRING
V8K2P9	SALT SPRING
V8K2R1	SALT SPRING
V8K2R2	SALT SPRING
V8K2R3	SALT SPRING
V8K2R4	SALT SPRING
V8K2R5	SALT SPRING
V8K2R6	SALT SPRING
V8K2R7	SALT SPRING
V8K2R8	SALT SPRING
V8K2R9	SALT SPRING
V8K2S1	SALT SPRING
V8K2S2	SALT SPRING
V8K2S3	SALT SPRING
V8K2S4	SALT SPRING
V8K2S5	SALT SPRING
V8K2S6	SALT SPRING
V8K2S7	SALT SPRING
V8K2S8	SALT SPRING
V8K2S9	SALT SPRING
V8K2T1	SALT SPRING
V8K2T2	SALT SPRING
V8K2T3	SALT SPRING
V8K2T4	SALT SPRING
V8K2T5	SALT SPRING
V8K2T6	SALT SPRING
V8K2T7	SALT SPRING
V8K2T8	SALT SPRING
V8K2T9	SALT SPRING
V8K2V1	SALT SPRING
V8K2V2	SALT SPRING
V8K2V3	SALT SPRING
V8K2V4	SALT SPRING
V8K2V5	SALT SPRING
V8K2V6	SALT SPRING
V8K2V7	SALT SPRING
V8K2V8	SALT SPRING
V8K2V9	SALT SPRING
V8K2W1	SALT SPRING
V8K2W2	SALT SPRING
V8K2W3	SALT SPRING
V8K2W4	SALT SPRING
V8K2W5	SALT SPRING
V8K2W6	SALT SPRING
V8K2W8	SALT SPRING
V8K2W9	SALT SPRING
V8K2X1	SALT SPRING
V8K2X2	SALT SPRING
V8K2X3	SALT SPRING
V8K2X4	SALT SPRING
V8K2X5	SALT SPRING
V8K2X6	SALT SPRING
V8K2X7	SALT SPRING
V8K2X8	SALT SPRING
V8K2Y1	SALT SPRING
V8K2Y2	SALT SPRING
V8K2Y3	SALT SPRING
V8K2Y4	SALT SPRING
V9J0A1	BLACK CREEK
V9J1A1	BLACK CREEK
V9J1A2	BLACK CREEK
V9J1A3	BLACK CREEK
V9J1A4	BLACK CREEK
V9J1A5	BLACK CREEK
V9J1A6	BLACK CREEK
V9J1A7	BLACK CREEK
V9J1A8	BLACK CREEK
V9J1A9	BLACK CREEK
V9J1B1	BLACK CREEK
V9J1B2	BLACK CREEK
V9J1B3	BLACK CREEK
V9J1B4	BLACK CREEK
V9J1B5	BLACK CREEK
V9J1B6	BLACK CREEK
V9J1B7	BLACK CREEK
V9J1B8	BLACK CREEK
V9J1B9	BLACK CREEK
V9J1C1	BLACK CREEK
V9J1C2	BLACK CREEK
V9J1C3	BLACK CREEK
V9J1C4	BLACK CREEK
V9J1C5	BLACK CREEK
V9J1C6	BLACK CREEK
V9J1C7	BLACK CREEK
V9J1C8	BLACK CREEK
V9J1C9	BLACK CREEK
V9J1E1	BLACK CREEK
V9J1E2	BLACK CREEK
V9J1E3	BLACK CREEK
V9J1E4	BLACK CREEK
V9J1E5	BLACK CREEK
V9J1E6	BLACK CREEK
V9J1E7	BLACK CREEK
V9J1E8	BLACK CREEK
V9J1E9	BLACK CREEK
V9J1G1	BLACK CREEK
V9J1G2	BLACK CREEK
V9J1G3	BLACK CREEK
V9J1G4	BLACK CREEK
V9J1G5	BLACK CREEK
V9J1G6	BLACK CREEK
V9J1G7	BLACK CREEK
V9J1G8	BLACK CREEK
V9J1G9	BLACK CREEK
V9J1H1	BLACK CREEK
V9J1H2	BLACK CREEK
V9J1H3	BLACK CREEK
V9J1H4	BLACK CREEK
V9J1H5	BLACK CREEK
V9J1H6	BLACK CREEK
V9J1H7	BLACK CREEK
V9J1H8	BLACK CREEK
V9J1H9	BLACK CREEK
V9J1J1	BLACK CREEK
V9J1J2	BLACK CREEK
V9J1J3	BLACK CREEK
V9J1J4	BLACK CREEK
V9J1J5	BLACK CREEK
V9J1J6	BLACK CREEK
V9J1J7	BLACK CREEK
V9J1J8	BLACK CREEK
V9J1J9	BLACK CREEK
V9J1K1	BLACK CREEK
V9J1K2	BLACK CREEK
V9J1K3	BLACK CREEK
V9J1K4	BLACK CREEK
V9J1K5	BLACK CREEK
V9J1K6	BLACK CREEK
V9J1K7	BLACK CREEK
V9J1K8	BLACK CREEK
V9J1K9	BLACK CREEK
V9J1L1	BLACK CREEK
V9J1R8	BLACK CREEK
V9J1Y9	BLACK CREEK
V9K1V3	WHISKEY CREEK
V9K1V5	WHISKEY CREEK
V9K1X9	WHISKEY CREEK
V9L0A1	DUNCAN
V9L0A2	DUNCAN
V9L0A3	DUNCAN
V9L0A4	DUNCAN
V9L0A5	DUNCAN
V9L0A6	DUNCAN
V9L0A8	DUNCAN
V9L0B1	DUNCAN
V9L0B2	DUNCAN
V9L0B3	DUNCAN
V9L0B4	DUNCAN
V9L0B5	DUNCAN
V9L0B6	DUNCAN
V9L0B7	DUNCAN
V9L0B8	DUNCAN
V9L0B9	DUNCAN
V9L0C1	DUNCAN
V9L0C2	DUNCAN
V9L0C3	DUNCAN
V9L0C4	DUNCAN
V9L0C5	DUNCAN
V9L0C6	DUNCAN
V9L0C7	DUNCAN
V9L0C8	DUNCAN
V9L0C9	DUNCAN
V9L0E1	DUNCAN
V9L0E2	DUNCAN
V9L0E4	DUNCAN
V9L0E6	DUNCAN
V9L0E8	DUNCAN
V9L0E9	DUNCAN
V9L0G1	DUNCAN
V9L0G2	DUNCAN
V9L0G3	DUNCAN
V9L0G4	DUNCAN
V9L0G5	DUNCAN
V9L0G6	DUNCAN
V9L0G7	DUNCAN
V9L0G8	DUNCAN
V9L0G9	DUNCAN
V9L0H1	DUNCAN
V9L0H2	DUNCAN
V9L0H4	DUNCAN
V9L0H5	DUNCAN
V9L0H6	DUNCAN
V9L0H7	DUNCAN
V9L0H8	DUNCAN
V9L0H9	DUNCAN
V9L0J1	DUNCAN
V9L0J2	DUNCAN
V9L0J4	DUNCAN
V9L0J5	DUNCAN
V9L0J6	DUNCAN
V9L0J7	DUNCAN
V9L1A1	DUNCAN
V9L1A2	DUNCAN
V9L1A3	DUNCAN
V9L1A4	DUNCAN
V9L1A5	DUNCAN
V9L1A6	DUNCAN
V9L1A7	DUNCAN
V9L1A9	DUNCAN
V9L1B1	DUNCAN
V9L1B2	DUNCAN
V9L1B3	DUNCAN
V9L1B4	DUNCAN
V9L1B5	DUNCAN
V9L1B6	DUNCAN
V9L1B7	DUNCAN
V9L1B8	DUNCAN
V9L1B9	DUNCAN
V9L1C1	DUNCAN
V9L1C2	DUNCAN
V9L1C3	DUNCAN
V9L1C4	DUNCAN
V9L1C5	DUNCAN
V9L1C6	DUNCAN
V9L1C7	DUNCAN
V9L1C8	DUNCAN
V9L1C9	DUNCAN
V9L1E1	DUNCAN
V9L1E2	DUNCAN
V9L1E4	DUNCAN
V9L1E5	DUNCAN
V9L1E7	DUNCAN
V9L1E8	DUNCAN
V9L1E9	DUNCAN
V9L1G1	DUNCAN
V9L1G2	DUNCAN
V9L1G3	DUNCAN
V9L1G4	DUNCAN
V9L1G5	DUNCAN
V9L1G6	DUNCAN
V9L1G7	DUNCAN
V9L1G8	DUNCAN
V9L1G9	DUNCAN
V9L1H1	DUNCAN
V9L1H2	DUNCAN
V9L1H3	DUNCAN
V9L1H4	DUNCAN
V9L1H5	DUNCAN
V9L1H6	DUNCAN
V9L1H7	DUNCAN
V9L1H8	DUNCAN
V9L1H9	DUNCAN
V9L1J1	DUNCAN
V9L1J2	DUNCAN
V9L1J3	DUNCAN
V9L1J4	DUNCAN
V9L1J5	DUNCAN
V9L1J6	DUNCAN
V9L1J7	DUNCAN
V9L1J8	DUNCAN
V9L1J9	DUNCAN
V9L1K1	DUNCAN
V9L1K2	DUNCAN
V9L1K3	DUNCAN
V9L1K4	DUNCAN
V9L1K5	DUNCAN
V9L1K6	DUNCAN
V9L1K7	DUNCAN
V9L1K8	DUNCAN
V9L1K9	DUNCAN
V9L1L1	DUNCAN
V9L1L2	DUNCAN
V9L1L3	DUNCAN
V9L1L4	DUNCAN
V9L1L5	DUNCAN
V9L1L6	DUNCAN
V9L1L7	DUNCAN
V9L1L8	DUNCAN
V9L1L9	DUNCAN
V9L1M2	DUNCAN
V9L1M4	DUNCAN
V9L1M7	DUNCAN
V9L1M8	DUNCAN
V9L1N1	DUNCAN
V9L1N2	DUNCAN
V9L1N3	DUNCAN
V9L1N4	DUNCAN
V9L1N5	DUNCAN
V9L1N6	DUNCAN
V9L1N7	DUNCAN
V9L1N8	DUNCAN
V9L1P1	DUNCAN
V9L1P3	DUNCAN
V9L1P4	DUNCAN
V9L1P5	DUNCAN
V9L1P7	DUNCAN
V9L1P8	DUNCAN
V9L1P9	DUNCAN
V9L1R1	DUNCAN
V9L1R2	DUNCAN
V9L1R3	DUNCAN
V9L1R4	DUNCAN
V9L1R5	DUNCAN
V9L1R6	DUNCAN
V9L1R7	DUNCAN
V9L1R8	DUNCAN
V9L1R9	DUNCAN
V9L1S1	DUNCAN
V9L1S2	DUNCAN
V9L1S3	DUNCAN
V9L1S4	DUNCAN
V9L1S5	DUNCAN
V9L1S6	DUNCAN
V9L1S7	DUNCAN
V9L1S8	DUNCAN
V9L1S9	DUNCAN
V9L1T1	DUNCAN
V9L1T2	DUNCAN
V9L1T3	DUNCAN
V9L1T4	DUNCAN
V9L1T6	DUNCAN
V9L1T7	DUNCAN
V9L1T8	DUNCAN
V9L1T9	DUNCAN
V9L1V1	DUNCAN
V9L1V2	DUNCAN
V9L1V3	DUNCAN
V9L1V6	DUNCAN
V9L1V7	DUNCAN
V9L1V8	DUNCAN
V9L1V9	DUNCAN
V9L1W2	DUNCAN
V9L1W3	DUNCAN
V9L1W4	DUNCAN
V9L1W6	DUNCAN
V9L1W7	DUNCAN
V9L1W8	DUNCAN
V9L1W9	DUNCAN
V9L1X1	DUNCAN
V9L1X2	DUNCAN
V9L1X3	DUNCAN
V9L1X4	DUNCAN
V9L1X5	DUNCAN
V9L1X6	DUNCAN
V9L1X7	DUNCAN
V9L1X8	DUNCAN
V9L1X9	DUNCAN
V9L1Y1	DUNCAN
V9L1Y2	DUNCAN
V9L1Y3	DUNCAN
V9L1Y4	DUNCAN
V9L1Y5	DUNCAN
V9L1Y6	DUNCAN
V9L1Y7	DUNCAN
V9L1Y8	DUNCAN
V9L1Y9	DUNCAN
V9L1Z1	DUNCAN
V9L1Z2	DUNCAN
V9L1Z3	DUNCAN
V9L1Z4	DUNCAN
V9L1Z5	DUNCAN
V9L1Z6	DUNCAN
V9L1Z7	DUNCAN
V9L1Z8	DUNCAN
V9L1Z9	DUNCAN
V9L2A1	DUNCAN
V9L2A2	DUNCAN
V9L2A4	DUNCAN
V9L2A5	DUNCAN
V9L2A6	DUNCAN
V9L2A7	DUNCAN
V9L2A8	DUNCAN
V9L2A9	DUNCAN
V9L2B1	DUNCAN
V9L2B2	DUNCAN
V9L2B3	DUNCAN
V9L2B4	DUNCAN
V9L2B5	DUNCAN
V9L2B6	DUNCAN
V9L2B7	DUNCAN
V9L2B8	DUNCAN
V9L2B9	DUNCAN
V9L2C1	DUNCAN
V9L2C3	DUNCAN
V9L2C4	DUNCAN
V9L2C5	DUNCAN
V9L2C6	DUNCAN
V9L2C7	DUNCAN
V9L2C8	DUNCAN
V9L2C9	DUNCAN
V9L2E1	DUNCAN
V9L2E2	DUNCAN
V9L2E3	DUNCAN
V9L2E4	DUNCAN
V9L2E5	DUNCAN
V9L2E6	DUNCAN
V9L2E7	DUNCAN
V9L2E8	DUNCAN
V9L2E9	DUNCAN
V9L2G1	DUNCAN
V9L2G2	DUNCAN
V9L2G3	DUNCAN
V9L2G4	DUNCAN
V9L2G5	DUNCAN
V9L2G6	DUNCAN
V9L2G7	DUNCAN
V9L2G8	DUNCAN
V9L2G9	DUNCAN
V9L2H1	DUNCAN
V9L2H2	DUNCAN
V9L2H3	DUNCAN
V9L2H4	DUNCAN
V9L2H5	DUNCAN
V9L2H6	DUNCAN
V9L2H7	DUNCAN
V9L2H8	DUNCAN
V9L2H9	DUNCAN
V9L2J1	DUNCAN
V9L2J2	DUNCAN
V9L2J3	DUNCAN
V9L2J4	DUNCAN
V9L2J5	DUNCAN
V9L2J6	DUNCAN
V9L2J7	DUNCAN
V9L2J8	DUNCAN
V9L2J9	DUNCAN
V9L2K1	DUNCAN
V9L2K2	DUNCAN
V9L2K3	DUNCAN
V9L2K4	DUNCAN
V9L2K5	DUNCAN
V9L2K6	DUNCAN
V9L2K7	DUNCAN
V9L2K8	DUNCAN
V9L2K9	DUNCAN
V9L2L1	DUNCAN
V9L2L2	DUNCAN
V9L2L3	DUNCAN
V9L2L4	DUNCAN
V9L2L5	DUNCAN
V9L2L6	DUNCAN
V9L2L7	DUNCAN
V9L2L8	DUNCAN
V9L2L9	DUNCAN
V9L2M1	DUNCAN
V9L2M2	DUNCAN
V9L2M3	DUNCAN
V9L2M4	DUNCAN
V9L2M5	DUNCAN
V9L2M6	DUNCAN
V9L2M7	DUNCAN
V9L2M8	DUNCAN
V9L2M9	DUNCAN
V9L2N1	DUNCAN
V9L2N2	DUNCAN
V9L2N3	DUNCAN
V9L2N4	DUNCAN
V9L2N5	DUNCAN
V9L2N6	DUNCAN
V9L2N7	DUNCAN
V9L2P1	DUNCAN
V9L2P2	DUNCAN
V9L2P3	DUNCAN
V9L2P4	DUNCAN
V9L2P5	DUNCAN
V9L2P6	DUNCAN
V9L2P7	DUNCAN
V9L2P9	DUNCAN
V9L2R1	DUNCAN
V9L2R3	DUNCAN
V9L2R4	DUNCAN
V9L2R5	DUNCAN
V9L2R6	DUNCAN
V9L2R7	DUNCAN
V9L2R8	DUNCAN
V9L2R9	DUNCAN
V9L2S1	DUNCAN
V9L2S2	DUNCAN
V9L2S3	DUNCAN
V9L2S4	DUNCAN
V9L2S5	DUNCAN
V9L2S7	DUNCAN
V9L2S8	DUNCAN
V9L2S9	DUNCAN
V9L2T1	DUNCAN
V9L2T2	DUNCAN
V9L2T3	DUNCAN
V9L2T6	DUNCAN
V9L2T8	DUNCAN
V9L2T9	DUNCAN
V9L2V1	DUNCAN
V9L2V2	DUNCAN
V9L2V3	DUNCAN
V9L2V4	DUNCAN
V9L2V5	DUNCAN
V9L2V6	DUNCAN
V9L2V7	DUNCAN
V9L2V8	DUNCAN
V9L2V9	DUNCAN
V9L2W1	DUNCAN
V9L2W3	DUNCAN
V9L2W4	DUNCAN
V9L2W5	DUNCAN
V9L2W6	DUNCAN
V9L2W7	DUNCAN
V9L2W8	DUNCAN
V9L2W9	DUNCAN
V9L2X2	DUNCAN
V9L2X3	DUNCAN
V9L2X5	DUNCAN
V9L2X6	DUNCAN
V9L2X7	DUNCAN
V9L2X8	DUNCAN
V9L2X9	DUNCAN
V9L2Y1	DUNCAN
V9L2Y4	DUNCAN
V9L2Y5	DUNCAN
V9L2Y6	DUNCAN
V9L2Y7	DUNCAN
V9L2Y8	DUNCAN
V9L2Y9	DUNCAN
V9L2Z1	DUNCAN
V9L2Z2	DUNCAN
V9L2Z3	DUNCAN
V9L2Z4	DUNCAN
V9L2Z5	DUNCAN
V9L2Z6	DUNCAN
V9L2Z7	DUNCAN
V9L2Z8	DUNCAN
V9L2Z9	DUNCAN
V9L3A1	DUNCAN
V9L3A2	DUNCAN
V9L3A3	DUNCAN
V9L3A4	DUNCAN
V9L3A5	DUNCAN
V9L3A6	DUNCAN
V9L3A7	DUNCAN
V9L3A8	DUNCAN
V9L3A9	DUNCAN
V9L3B1	DUNCAN
V9L3B2	DUNCAN
V9L3B3	DUNCAN
V9L3B4	DUNCAN
V9L3B5	DUNCAN
V9L3B6	DUNCAN
V9L3B7	DUNCAN
V9L3B8	DUNCAN
V9L3B9	DUNCAN
V9L3C1	DUNCAN
V9L3C2	DUNCAN
V9L3C4	DUNCAN
V9L3C5	DUNCAN
V9L3C6	DUNCAN
V9L3C7	DUNCAN
V9L3C8	DUNCAN
V9L3C9	DUNCAN
V9L3E1	DUNCAN
V9L3E2	DUNCAN
V9L3E3	DUNCAN
V9L3E4	DUNCAN
V9L3E5	DUNCAN
V9L3E6	DUNCAN
V9L3E7	DUNCAN
V9L3E8	DUNCAN
V9L3E9	DUNCAN
V9L3G1	DUNCAN
V9L3G2	DUNCAN
V9L3G3	DUNCAN
V9L3G4	DUNCAN
V9L3G5	DUNCAN
V9L3G6	DUNCAN
V9L3G7	DUNCAN
V9L3G8	DUNCAN
V9L3G9	DUNCAN
V9L3H1	DUNCAN
V9L3H2	DUNCAN
V9L3H3	DUNCAN
V9L3H4	DUNCAN
V9L3H5	DUNCAN
V9L3H6	DUNCAN
V9L3H7	DUNCAN
V9L3H8	DUNCAN
V9L3H9	DUNCAN
V9L3J1	DUNCAN
V9L3J2	DUNCAN
V9L3J3	DUNCAN
V9L3J4	DUNCAN
V9L3J5	DUNCAN
V9L3J6	DUNCAN
V9L3J7	DUNCAN
V9L3J8	DUNCAN
V9L3J9	DUNCAN
V9L3K1	DUNCAN
V9L3K2	DUNCAN
V9L3K3	DUNCAN
V9L3K4	DUNCAN
V9L3K5	DUNCAN
V9L3K6	DUNCAN
V9L3K7	DUNCAN
V9L3K8	DUNCAN
V9L3K9	DUNCAN
V9L3L1	DUNCAN
V9L3L2	DUNCAN
V9L3L3	DUNCAN
V9L3L4	DUNCAN
V9L3L5	DUNCAN
V9L3L6	DUNCAN
V9L3L7	DUNCAN
V9L3L8	DUNCAN
V9L3L9	DUNCAN
V9L3M1	DUNCAN
V9L3M2	DUNCAN
V9L3M3	DUNCAN
V9L3M4	DUNCAN
V9L3M6	DUNCAN
V9L3M7	DUNCAN
V9L3M8	DUNCAN
V9L3M9	DUNCAN
V9L3N1	DUNCAN
V9L3N2	DUNCAN
V9L3N3	DUNCAN
V9L3N4	DUNCAN
V9L3N5	DUNCAN
V9L3N6	DUNCAN
V9L3N7	DUNCAN
V9L3N8	DUNCAN
V9L3N9	DUNCAN
V9L3P1	DUNCAN
V9L3P3	DUNCAN
V9L3P4	DUNCAN
V9L3P5	DUNCAN
V9L3P6	DUNCAN
V9L3P7	DUNCAN
V9L3P8	DUNCAN
V9L3P9	DUNCAN
V9L3R1	DUNCAN
V9L3R2	DUNCAN
V9L3R3	DUNCAN
V9L3R4	DUNCAN
V9L3R5	DUNCAN
V9L3R6	DUNCAN
V9L3R7	DUNCAN
V9L3R8	DUNCAN
V9L3R9	DUNCAN
V9L3S1	DUNCAN
V9L3S2	DUNCAN
V9L3S3	DUNCAN
V9L3S4	DUNCAN
V9L3S5	DUNCAN
V9L3S6	DUNCAN
V9L3S7	DUNCAN
V9L3S8	DUNCAN
V9L3S9	DUNCAN
V9L3T1	DUNCAN
V9L3T2	DUNCAN
V9L3T3	DUNCAN
V9L3T4	DUNCAN
V9L3T5	DUNCAN
V9L3T6	DUNCAN
V9L3T7	DUNCAN
V9L3T8	DUNCAN
V9L3T9	DUNCAN
V9L3V1	DUNCAN
V9L3V2	DUNCAN
V9L3V3	DUNCAN
V9L3V4	DUNCAN
V9L3V5	DUNCAN
V9L3V6	DUNCAN
V9L3V7	DUNCAN
V9L3V8	DUNCAN
V9L3V9	DUNCAN
V9L3W1	DUNCAN
V9L3W2	DUNCAN
V9L3W3	DUNCAN
V9L3W4	DUNCAN
V9L3W5	DUNCAN
V9L3W6	DUNCAN
V9L3W7	DUNCAN
V9L3W9	DUNCAN
V9L3X1	DUNCAN
V9L3X3	DUNCAN
V9L3X4	DUNCAN
V9L3X5	DUNCAN
V9L3X8	DUNCAN
V9L3X9	DUNCAN
V9L3Y1	DUNCAN
V9L3Y2	DUNCAN
V9L3Y3	DUNCAN
V9L3Y4	DUNCAN
V9L3Y5	DUNCAN
V9L3Y6	DUNCAN
V9L3Y7	DUNCAN
V9L3Y8	DUNCAN
V9L3Y9	DUNCAN
V9L3Z1	DUNCAN
V9L3Z2	DUNCAN
V9L3Z3	DUNCAN
V9L3Z4	DUNCAN
V9L3Z5	DUNCAN
V9L3Z6	DUNCAN
V9L3Z7	DUNCAN
V9L3Z8	DUNCAN
V9L3Z9	DUNCAN
V9L4A1	DUNCAN
V9L4A2	DUNCAN
V9L4A3	DUNCAN
V9L4A4	DUNCAN
V9L4A5	DUNCAN
V9L4A6	DUNCAN
V9L4A7	DUNCAN
V9L4A8	DUNCAN
V9L4A9	DUNCAN
V9L4B1	DUNCAN
V9L4B2	DUNCAN
V9L4B3	DUNCAN
V9L4B4	DUNCAN
V9L4B5	DUNCAN
V9L4B6	DUNCAN
V9L4B7	DUNCAN
V9L4B8	DUNCAN
V9L4B9	DUNCAN
V9L4C1	DUNCAN
V9L4C2	DUNCAN
V9L4C3	DUNCAN
V9L4C4	DUNCAN
V9L4C5	DUNCAN
V9L4C6	DUNCAN
V9L4C7	DUNCAN
V9L4C8	DUNCAN
V9L4C9	DUNCAN
V9L4E1	DUNCAN
V9L4E2	DUNCAN
V9L4E3	DUNCAN
V9L4E4	DUNCAN
V9L4E5	DUNCAN
V9L4E6	DUNCAN
V9L4E7	DUNCAN
V9L4E8	DUNCAN
V9L4E9	DUNCAN
V9L4G1	DUNCAN
V9L4G2	DUNCAN
V9L4G3	DUNCAN
V9L4G5	DUNCAN
V9L4G6	DUNCAN
V9L4G7	DUNCAN
V9L4G8	DUNCAN
V9L4G9	DUNCAN
V9L4H1	DUNCAN
V9L4H2	DUNCAN
V9L4H3	DUNCAN
V9L4H4	DUNCAN
V9L4H5	DUNCAN
V9L4H6	DUNCAN
V9L4H7	DUNCAN
V9L4H8	DUNCAN
V9L4H9	DUNCAN
V9L4J1	DUNCAN
V9L4J2	DUNCAN
V9L4J3	DUNCAN
V9L4J4	DUNCAN
V9L4J5	DUNCAN
V9L4J6	DUNCAN
V9L4J7	DUNCAN
V9L4J8	DUNCAN
V9L4J9	DUNCAN
V9L4K1	DUNCAN
V9L4K2	DUNCAN
V9L4K3	DUNCAN
V9L4K4	DUNCAN
V9L4K5	DUNCAN
V9L4K6	DUNCAN
V9L4K7	DUNCAN
V9L4K8	DUNCAN
V9L4K9	DUNCAN
V9L4L1	DUNCAN
V9L4L2	DUNCAN
V9L4L3	DUNCAN
V9L4L4	DUNCAN
V9L4L6	DUNCAN
V9L4L7	DUNCAN
V9L4L8	DUNCAN
V9L4L9	DUNCAN
V9L4M1	DUNCAN
V9L4M2	DUNCAN
V9L4M3	DUNCAN
V9L4M6	DUNCAN
V9L4M7	DUNCAN
V9L4M8	DUNCAN
V9L4M9	DUNCAN
V9L4N1	DUNCAN
V9L4N2	DUNCAN
V9L4N3	DUNCAN
V9L4N4	DUNCAN
V9L4N5	DUNCAN
V9L4N6	DUNCAN
V9L4N7	DUNCAN
V9L4N8	DUNCAN
V9L4N9	DUNCAN
V9L4P1	DUNCAN
V9L4P2	DUNCAN
V9L4P3	DUNCAN
V9L4P4	DUNCAN
V9L4P5	DUNCAN
V9L4P6	DUNCAN
V9L4P7	DUNCAN
V9L4P8	DUNCAN
V9L4P9	DUNCAN
V9L4R1	DUNCAN
V9L4R2	DUNCAN
V9L4R3	DUNCAN
V9L4R4	DUNCAN
V9L4R5	DUNCAN
V9L4R6	DUNCAN
V9L4R7	DUNCAN
V9L4R8	DUNCAN
V9L4R9	DUNCAN
V9L4S1	DUNCAN
V9L4S2	DUNCAN
V9L4S3	DUNCAN
V9L4S4	DUNCAN
V9L4S5	DUNCAN
V9L4S6	DUNCAN
V9L4S7	DUNCAN
V9L4S8	DUNCAN
V9L4S9	DUNCAN
V9L4T1	DUNCAN
V9L4T2	DUNCAN
V9L4T3	DUNCAN
V9L4T4	DUNCAN
V9L4T5	DUNCAN
V9L4T7	DUNCAN
V9L4T9	DUNCAN
V9L4V1	DUNCAN
V9L4V2	DUNCAN
V9L4V3	DUNCAN
V9L4V4	DUNCAN
V9L4V5	DUNCAN
V9L4V7	DUNCAN
V9L4V8	DUNCAN
V9L4V9	DUNCAN
V9L4W1	DUNCAN
V9L4W3	DUNCAN
V9L4W5	DUNCAN
V9L4W6	DUNCAN
V9L4W7	DUNCAN
V9L4W8	DUNCAN
V9L4W9	DUNCAN
V9L4X1	DUNCAN
V9L4X2	DUNCAN
V9L4X3	DUNCAN
V9L4X4	DUNCAN
V9L4X5	DUNCAN
V9L4X6	DUNCAN
V9L4X8	DUNCAN
V9L4X9	DUNCAN
V9L4Y1	DUNCAN
V9L4Y2	DUNCAN
V9L4Y3	DUNCAN
V9L4Y4	DUNCAN
V9L4Y5	DUNCAN
V9L4Y6	DUNCAN
V9L4Y7	DUNCAN
V9L4Y8	DUNCAN
V9L4Y9	DUNCAN
V9L4Z1	DUNCAN
V9L4Z2	DUNCAN
V9L4Z3	DUNCAN
V9L4Z4	DUNCAN
V9L4Z5	DUNCAN
V9L4Z6	DUNCAN
V9L4Z7	DUNCAN
V9L4Z8	DUNCAN
V9L4Z9	DUNCAN
V9L5A1	DUNCAN
V9L5A2	DUNCAN
V9L5A3	DUNCAN
V9L5A4	DUNCAN
V9L5A5	DUNCAN
V9L5A6	DUNCAN
V9L5A7	DUNCAN
V9L5A8	DUNCAN
V9L5A9	DUNCAN
V9L5B1	DUNCAN
V9L5B2	DUNCAN
V9L5B3	DUNCAN
V9L5B4	DUNCAN
V9L5B5	DUNCAN
V9L5B6	DUNCAN
V9L5B7	DUNCAN
V9L5B8	DUNCAN
V9L5B9	DUNCAN
V9L5C1	DUNCAN
V9L5C2	DUNCAN
V9L5C3	DUNCAN
V9L5C4	DUNCAN
V9L5C5	DUNCAN
V9L5C7	DUNCAN
V9L5E4	DUNCAN
V9L5E6	DUNCAN
V9L5E7	DUNCAN
V9L5E8	DUNCAN
V9L5E9	DUNCAN
V9L5G1	DUNCAN
V9L5G3	DUNCAN
V9L5G4	DUNCAN
V9L5G5	DUNCAN
V9L5G6	DUNCAN
V9L5G7	DUNCAN
V9L5G8	DUNCAN
V9L5H1	DUNCAN
V9L5H2	DUNCAN
V9L5H3	DUNCAN
V9L5H4	DUNCAN
V9L5H5	DUNCAN
V9L5H6	DUNCAN
V9L5H8	DUNCAN
V9L5H9	DUNCAN
V9L5J1	DUNCAN
V9L5J2	DUNCAN
V9L5J4	DUNCAN
V9L5J5	DUNCAN
V9L5J6	DUNCAN
V9L5J7	DUNCAN
V9L5J8	DUNCAN
V9L5J9	DUNCAN
V9L5K1	DUNCAN
V9L5K3	DUNCAN
V9L5K4	DUNCAN
V9L5K5	DUNCAN
V9L5K6	DUNCAN
V9L5K7	DUNCAN
V9L5K8	DUNCAN
V9L5L1	DUNCAN
V9L5L2	DUNCAN
V9L5L3	DUNCAN
V9L5L4	DUNCAN
V9L5L5	DUNCAN
V9L5L6	DUNCAN
V9L5L7	DUNCAN
V9L5L8	DUNCAN
V9L5L9	DUNCAN
V9L5M1	DUNCAN
V9L5M2	DUNCAN
V9L5M3	DUNCAN
V9L5M4	DUNCAN
V9L5M5	DUNCAN
V9L5M6	DUNCAN
V9L5M7	DUNCAN
V9L5M8	DUNCAN
V9L5M9	DUNCAN
V9L5N1	DUNCAN
V9L5N2	DUNCAN
V9L5N3	DUNCAN
V9L5N4	DUNCAN
V9L5N5	DUNCAN
V9L5N6	DUNCAN
V9L5N7	DUNCAN
V9L5N8	DUNCAN
V9L5N9	DUNCAN
V9L5P1	DUNCAN
V9L5P2	DUNCAN
V9L5P3	DUNCAN
V9L5P4	DUNCAN
V9L5P5	DUNCAN
V9L5P6	DUNCAN
V9L5P7	DUNCAN
V9L5P8	DUNCAN
V9L5P9	DUNCAN
V9L5R1	DUNCAN
V9L5R2	DUNCAN
V9L5R3	DUNCAN
V9L5R4	DUNCAN
V9L5R5	DUNCAN
V9L5R6	DUNCAN
V9L5R7	DUNCAN
V9L5R8	DUNCAN
V9L5R9	DUNCAN
V9L5S1	DUNCAN
V9L5S2	DUNCAN
V9L5S3	DUNCAN
V9L5S4	DUNCAN
V9L5S5	DUNCAN
V9L5S6	DUNCAN
V9L5S7	DUNCAN
V9L5S8	DUNCAN
V9L5S9	DUNCAN
V9L5T1	DUNCAN
V9L5T2	DUNCAN
V9L5T3	DUNCAN
V9L5T4	DUNCAN
V9L5T5	DUNCAN
V9L5T6	DUNCAN
V9L5T7	DUNCAN
V9L5T9	DUNCAN
V9L5V1	DUNCAN
V9L5V2	DUNCAN
V9L5V3	DUNCAN
V9L5V4	DUNCAN
V9L5V5	DUNCAN
V9L5V6	DUNCAN
V9L5V7	DUNCAN
V9L5V8	DUNCAN
V9L5V9	DUNCAN
V9L5W1	DUNCAN
V9L5W2	DUNCAN
V9L5W3	DUNCAN
V9L5W4	DUNCAN
V9L5W5	DUNCAN
V9L5W6	DUNCAN
V9L5W7	DUNCAN
V9L5W8	DUNCAN
V9L5W9	DUNCAN
V9L5X1	DUNCAN
V9L5X2	DUNCAN
V9L5X3	DUNCAN
V9L5X4	DUNCAN
V9L5X5	DUNCAN
V9L5X6	DUNCAN
V9L5X7	DUNCAN
V9L5X8	DUNCAN
V9L5X9	DUNCAN
V9L5Y1	DUNCAN
V9L5Y2	DUNCAN
V9L5Y3	DUNCAN
V9L5Y4	DUNCAN
V9L5Y5	DUNCAN
V9L5Y6	DUNCAN
V9L5Y7	DUNCAN
V9L5Y8	DUNCAN
V9L5Y9	DUNCAN
V9L5Z1	DUNCAN
V9L5Z2	DUNCAN
V9L5Z3	DUNCAN
V9L5Z4	DUNCAN
V9L5Z5	DUNCAN
V9L5Z6	DUNCAN
V9L5Z7	DUNCAN
V9L5Z8	DUNCAN
V9L5Z9	DUNCAN
V9L6A1	DUNCAN
V9L6A2	DUNCAN
V9L6A3	DUNCAN
V9L6A4	DUNCAN
V9L6A5	DUNCAN
V9L6A6	DUNCAN
V9L6A7	DUNCAN
V9L6A8	DUNCAN
V9L6A9	DUNCAN
V9L6B1	DUNCAN
V9L6B2	DUNCAN
V9L6B3	DUNCAN
V9L6B4	DUNCAN
V9L6B5	DUNCAN
V9L6B6	DUNCAN
V9L6B7	DUNCAN
V9L6B8	DUNCAN
V9L6B9	DUNCAN
V9L6C1	DUNCAN
V9L6C2	DUNCAN
V9L6C3	DUNCAN
V9L6C4	DUNCAN
V9L6C5	DUNCAN
V9L6C6	DUNCAN
V9L6C7	DUNCAN
V9L6C8	DUNCAN
V9L6C9	DUNCAN
V9L6E1	DUNCAN
V9L6E2	DUNCAN
V9L6E3	DUNCAN
V9L6E4	DUNCAN
V9L6E5	DUNCAN
V9L6E6	DUNCAN
V9L6E7	DUNCAN
V9L6E8	DUNCAN
V9L6E9	DUNCAN
V9L6G1	DUNCAN
V9L6G2	DUNCAN
V9L6G4	DUNCAN
V9L6G5	DUNCAN
V9L6G6	DUNCAN
V9L6G7	DUNCAN
V9L6G8	DUNCAN
V9L6G9	DUNCAN
V9L6H1	DUNCAN
V9L6H2	DUNCAN
V9L6H3	DUNCAN
V9L6H4	DUNCAN
V9L6H5	DUNCAN
V9L6H6	DUNCAN
V9L6H7	DUNCAN
V9L6H8	DUNCAN
V9L6H9	DUNCAN
V9L6J1	DUNCAN
V9L6J2	DUNCAN
V9L6J3	DUNCAN
V9L6J4	DUNCAN
V9L6J5	DUNCAN
V9L6J6	DUNCAN
V9L6J7	DUNCAN
V9L6J8	DUNCAN
V9L6J9	DUNCAN
V9L6K1	DUNCAN
V9L6K2	DUNCAN
V9L6K3	DUNCAN
V9L6K4	DUNCAN
V9L6K5	DUNCAN
V9L6K8	DUNCAN
V9L6K9	DUNCAN
V9L6L1	DUNCAN
V9L6L2	DUNCAN
V9L6L3	DUNCAN
V9L6L4	DUNCAN
V9L6L5	DUNCAN
V9L6L6	DUNCAN
V9L6L7	DUNCAN
V9L6L8	DUNCAN
V9L6L9	DUNCAN
V9L6M1	DUNCAN
V9L6M2	DUNCAN
V9L6M3	DUNCAN
V9L6M4	DUNCAN
V9L6M5	DUNCAN
V9L6M6	DUNCAN
V9L6M7	DUNCAN
V9L6M8	DUNCAN
V9L6M9	DUNCAN
V9L6N1	DUNCAN
V9L6N2	DUNCAN
V9L6N3	DUNCAN
V9L6N4	DUNCAN
V9L6N5	DUNCAN
V9L6N6	DUNCAN
V9L6N7	DUNCAN
V9L6N8	DUNCAN
V9L6N9	DUNCAN
V9L6P1	DUNCAN
V9L6P2	DUNCAN
V9L6P4	DUNCAN
V9L6P5	DUNCAN
V9L6P6	DUNCAN
V9L6P7	DUNCAN
V9L6P8	DUNCAN
V9L6P9	DUNCAN
V9L6R1	DUNCAN
V9L6R2	DUNCAN
V9L6R3	DUNCAN
V9L6R4	DUNCAN
V9L6R5	DUNCAN
V9L6R6	DUNCAN
V9L6R7	DUNCAN
V9L6R8	DUNCAN
V9L6R9	DUNCAN
V9L6S1	DUNCAN
V9L6S2	DUNCAN
V9L6S3	DUNCAN
V9L6S4	DUNCAN
V9L6S5	DUNCAN
V9L6S6	DUNCAN
V9L6S7	DUNCAN
V9L6S8	DUNCAN
V9L6S9	DUNCAN
V9L6T1	DUNCAN
V9L6T2	DUNCAN
V9L6T3	DUNCAN
V9L6T4	DUNCAN
V9L6T5	DUNCAN
V9L6T6	DUNCAN
V9L6T7	DUNCAN
V9L6T8	DUNCAN
V9L6T9	DUNCAN
V9L6V1	DUNCAN
V9L6V2	DUNCAN
V9L6V3	DUNCAN
V9L6V4	DUNCAN
V9L6V5	DUNCAN
V9L6V6	DUNCAN
V9L6V7	DUNCAN
V9L6V8	DUNCAN
V9L6V9	DUNCAN
V9L6W2	DUNCAN
V9L6W3	DUNCAN
V9L6W4	DUNCAN
V9L6W5	DUNCAN
V9L6W6	DUNCAN
V9L6W9	DUNCAN
V9L6X2	DUNCAN
V9L6X3	DUNCAN
V9L6X4	DUNCAN
V9L6X6	DUNCAN
V9L6X7	DUNCAN
V9L6X8	DUNCAN
V9L6X9	DUNCAN
V9L6Y1	DUNCAN
V9L6Y2	DUNCAN
V9L6Y3	DUNCAN
V9L6Y4	DUNCAN
V9L6Y5	DUNCAN
V9L6Y6	DUNCAN
V9L6Y7	DUNCAN
V9L6Y8	DUNCAN
V9L6Y9	DUNCAN
V9L6Z1	DUNCAN
V9L6Z2	DUNCAN
V9L6Z3	DUNCAN
V9L6Z4	DUNCAN
V9M0A1	COMOX
V9M0A2	COMOX
V9M0A3	COMOX
V9M0A4	COMOX
V9M0A5	COMOX
V9M0A6	COMOX
V9M0A7	COMOX
V9M0A8	COMOX
V9M0A9	COMOX
V9M0B1	COMOX
V9M0B2	COMOX
V9M0B3	COMOX
V9M0B4	COMOX
V9M0B5	COMOX
V9M0B6	COMOX
V9M0B7	COMOX
V9M0B8	COMOX
V9M0B9	COMOX
V9M0C1	COMOX
V9M0C2	COMOX
V9M0C3	COMOX
V9M0C4	COMOX
V9M0C5	COMOX
V9M0C6	COMOX
V9M0C7	COMOX
V9M0C8	COMOX
V9M0C9	COMOX
V9M1A2	COMOX
V9M1A3	COMOX
V9M1A4	COMOX
V9M1A5	COMOX
V9M1A6	COMOX
V9M1A7	COMOX
V9M1A8	COMOX
V9M1A9	COMOX
V9M1B1	COMOX
V9M1B2	COMOX
V9M1B3	COMOX
V9M1B4	COMOX
V9M1B5	COMOX
V9M1B6	COMOX
V9M1B7	COMOX
V9M1B8	COMOX
V9M1B9	COMOX
V9M1C4	COMOX
V9M1C5	COMOX
V9M1C6	COMOX
V9M1C7	COMOX
V9M1C8	COMOX
V9M1C9	COMOX
V9M1E1	COMOX
V9M1E2	COMOX
V9M1E3	COMOX
V9M1E4	COMOX
V9M1E5	COMOX
V9M1E6	COMOX
V9M1E7	COMOX
V9M1E9	COMOX
V9M1G1	COMOX
V9M1G2	COMOX
V9M1G3	COMOX
V9M1G4	COMOX
V9M1G5	COMOX
V9M1G6	COMOX
V9M1G7	COMOX
V9M1G8	COMOX
V9M1G9	COMOX
V9M1H1	COMOX
V9M1H2	COMOX
V9M1H3	COMOX
V9M1H4	COMOX
V9M1H5	COMOX
V9M1H6	COMOX
V9M1H7	COMOX
V9M1H8	COMOX
V9M1H9	COMOX
V9M1J1	COMOX
V9M1J2	COMOX
V9M1J3	COMOX
V9M1J4	COMOX
V9M1J5	COMOX
V9M1J6	COMOX
V9M1J7	COMOX
V9M1J8	COMOX
V9M1J9	COMOX
V9M1K1	COMOX
V9M1K2	COMOX
V9M1K3	COMOX
V9M1K4	COMOX
V9M1K5	COMOX
V9M1K6	COMOX
V9M1K7	COMOX
V9M1K8	COMOX
V9M1K9	COMOX
V9M1L1	COMOX
V9M1L2	COMOX
V9M1L3	COMOX
V9M1L4	COMOX
V9M1L5	COMOX
V9M1L6	COMOX
V9M1L7	COMOX
V9M1L8	COMOX
V9M1L9	COMOX
V9M1M1	COMOX
V9M1M2	COMOX
V9M1M3	COMOX
V9M1M4	COMOX
V9M1M5	COMOX
V9M1M6	COMOX
V9M1M7	COMOX
V9M1M8	COMOX
V9M1M9	COMOX
V9M1N1	COMOX
V9M1N2	COMOX
V9M1N3	COMOX
V9M1N4	COMOX
V9M1N5	COMOX
V9M1N6	COMOX
V9M1N7	COMOX
V9M1N8	COMOX
V9M1N9	COMOX
V9M1P1	COMOX
V9M1P2	COMOX
V9M1P4	COMOX
V9M1P5	COMOX
V9M1P6	COMOX
V9M1P7	COMOX
V9M1P8	COMOX
V9M1P9	COMOX
V9M1R1	COMOX
V9M1R2	COMOX
V9M1R3	COMOX
V9M1R4	COMOX
V9M1R6	COMOX
V9M1R7	COMOX
V9M1R8	COMOX
V9M1R9	COMOX
V9M1S1	COMOX
V9M1S2	COMOX
V9M1S3	COMOX
V9M1S4	COMOX
V9M1S5	COMOX
V9M1S6	COMOX
V9M1S7	COMOX
V9M1S8	COMOX
V9M1S9	COMOX
V9M1T1	COMOX
V9M1T2	COMOX
V9M1T3	COMOX
V9M1T4	COMOX
V9M1T5	COMOX
V9M1T6	COMOX
V9M1T7	COMOX
V9M1T8	COMOX
V9M1T9	COMOX
V9M1V1	COMOX
V9M1V2	COMOX
V9M1V3	COMOX
V9M1V4	COMOX
V9M1V5	COMOX
V9M1V6	COMOX
V9M1V7	COMOX
V9M1V8	COMOX
V9M1V9	COMOX
V9M1W1	COMOX
V9M1W2	COMOX
V9M1W3	COMOX
V9M1W4	COMOX
V9M1W5	COMOX
V9M1W6	COMOX
V9M1W7	COMOX
V9M1W8	COMOX
V9M1W9	COMOX
V9M1X1	COMOX
V9M1X2	COMOX
V9M1X3	COMOX
V9M1X4	COMOX
V9M1X5	COMOX
V9M1X6	COMOX
V9M1X7	COMOX
V9M1X8	COMOX
V9M1X9	COMOX
V9M1Y1	COMOX
V9M1Y2	COMOX
V9M1Y3	COMOX
V9M1Y4	COMOX
V9M1Y5	COMOX
V9M1Y6	COMOX
V9M1Y7	COMOX
V9M1Y8	COMOX
V9M1Y9	COMOX
V9M1Z1	COMOX
V9M1Z2	COMOX
V9M1Z3	COMOX
V9M1Z4	COMOX
V9M1Z5	COMOX
V9M1Z6	COMOX
V9M1Z7	COMOX
V9M1Z8	COMOX
V9M1Z9	COMOX
V9M2A1	COMOX
V9M2A2	COMOX
V9M2A3	COMOX
V9M2A4	COMOX
V9M2A5	COMOX
V9M2A6	COMOX
V9M2A7	COMOX
V9M2A8	COMOX
V9M2A9	COMOX
V9M2B1	COMOX
V9M2B2	COMOX
V9M2B3	COMOX
V9M2B4	COMOX
V9M2B5	COMOX
V9M2B6	COMOX
V9M2B7	COMOX
V9M2B8	COMOX
V9M2B9	COMOX
V9M2C1	COMOX
V9M2C2	COMOX
V9M2C3	COMOX
V9M2C4	COMOX
V9M2C5	COMOX
V9M2C6	COMOX
V9M2C7	COMOX
V9M2C8	COMOX
V9M2C9	COMOX
V9M2E1	COMOX
V9M2E2	COMOX
V9M2E3	COMOX
V9M2E4	COMOX
V9M2E5	COMOX
V9M2E6	COMOX
V9M2E7	COMOX
V9M2E8	COMOX
V9M2E9	COMOX
V9M2G1	COMOX
V9M2G2	COMOX
V9M2G3	COMOX
V9M2G4	COMOX
V9M2G5	COMOX
V9M2G6	COMOX
V9M2G7	COMOX
V9M2G8	COMOX
V9M2G9	COMOX
V9M2H1	COMOX
V9M2H2	COMOX
V9M2H3	COMOX
V9M2H4	COMOX
V9M2H5	COMOX
V9M2H6	COMOX
V9M2H7	COMOX
V9M2H8	COMOX
V9M2H9	COMOX
V9M2J1	COMOX
V9M2J2	COMOX
V9M2J3	COMOX
V9M2J4	COMOX
V9M2J5	COMOX
V9M2J6	COMOX
V9M2J7	COMOX
V9M2J8	COMOX
V9M2J9	COMOX
V9M2K1	COMOX
V9M2K2	COMOX
V9M2K3	COMOX
V9M2K4	COMOX
V9M2K5	COMOX
V9M2K6	COMOX
V9M2K7	COMOX
V9M2K8	COMOX
V9M2K9	COMOX
V9M2L1	COMOX
V9M2L2	COMOX
V9M2L3	COMOX
V9M2L4	COMOX
V9M2L5	COMOX
V9M2L6	COMOX
V9M2L7	COMOX
V9M2L8	COMOX
V9M2L9	COMOX
V9M2M1	COMOX
V9M2M2	COMOX
V9M2M3	COMOX
V9M2M4	COMOX
V9M2M5	COMOX
V9M2M6	COMOX
V9M2M7	COMOX
V9M2M8	COMOX
V9M2M9	COMOX
V9M2N1	COMOX
V9M2N2	COMOX
V9M2N3	COMOX
V9M2N4	COMOX
V9M2N5	COMOX
V9M2N6	COMOX
V9M2N7	COMOX
V9M2N8	COMOX
V9M2N9	COMOX
V9M2P1	COMOX
V9M2P2	COMOX
V9M2P3	COMOX
V9M2P4	COMOX
V9M2P5	COMOX
V9M2P6	COMOX
V9M2P7	COMOX
V9M2P8	COMOX
V9M2P9	COMOX
V9M2R1	COMOX
V9M2R2	COMOX
V9M2R3	COMOX
V9M2R4	COMOX
V9M2R5	COMOX
V9M2R6	COMOX
V9M2R7	COMOX
V9M2R8	COMOX
V9M2R9	COMOX
V9M2S1	COMOX
V9M2S2	COMOX
V9M2S3	COMOX
V9M2S4	COMOX
V9M2S5	COMOX
V9M2S6	COMOX
V9M2S7	COMOX
V9M2S8	COMOX
V9M2S9	COMOX
V9M2T1	COMOX
V9M2T2	COMOX
V9M2T3	COMOX
V9M2T4	COMOX
V9M2T5	COMOX
V9M2T6	COMOX
V9M2T7	COMOX
V9M2T8	COMOX
V9M2T9	COMOX
V9M2V1	COMOX
V9M2V2	COMOX
V9M2V3	COMOX
V9M2V4	COMOX
V9M2V5	COMOX
V9M2V6	COMOX
V9M2V7	COMOX
V9M2V8	COMOX
V9M2V9	COMOX
V9M2W1	COMOX
V9M2W2	COMOX
V9M2W3	COMOX
V9M2W4	COMOX
V9M2W5	COMOX
V9M2W6	COMOX
V9M2W7	COMOX
V9M2W8	COMOX
V9M2W9	COMOX
V9M2X1	COMOX
V9M2X2	COMOX
V9M2X3	COMOX
V9M2X4	COMOX
V9M2X5	COMOX
V9M2X6	COMOX
V9M2X7	COMOX
V9M2X8	COMOX
V9M2X9	COMOX
V9M2Y1	COMOX
V9M2Y2	COMOX
V9M2Y3	COMOX
V9M2Y4	COMOX
V9M2Y5	COMOX
V9M2Y6	COMOX
V9M2Y7	COMOX
V9M2Y8	COMOX
V9M2Y9	COMOX
V9M2Z1	COMOX
V9M2Z2	COMOX
V9M2Z3	COMOX
V9M2Z4	COMOX
V9M2Z5	COMOX
V9M2Z6	COMOX
V9M2Z7	COMOX
V9M2Z8	COMOX
V9M2Z9	COMOX
V9M3A1	COMOX
V9M3A2	COMOX
V9M3A3	COMOX
V9M3A4	COMOX
V9M3A5	COMOX
V9M3A6	COMOX
V9M3A7	COMOX
V9M3A8	COMOX
V9M3A9	COMOX
V9M3B1	COMOX
V9M3B2	COMOX
V9M3B3	COMOX
V9M3B4	COMOX
V9M3B5	COMOX
V9M3B6	COMOX
V9M3B7	COMOX
V9M3B8	COMOX
V9M3B9	COMOX
V9M3C1	COMOX
V9M3C2	COMOX
V9M3C3	COMOX
V9M3C4	COMOX
V9M3C5	COMOX
V9M3C6	COMOX
V9M3C7	COMOX
V9M3C8	COMOX
V9M3C9	COMOX
V9M3E1	COMOX
V9M3E2	COMOX
V9M3E3	COMOX
V9M3E4	COMOX
V9M3E5	COMOX
V9M3E6	COMOX
V9M3E7	COMOX
V9M3E8	COMOX
V9M3E9	COMOX
V9M3G1	COMOX
V9M3G2	COMOX
V9M3G3	COMOX
V9M3G4	COMOX
V9M3G5	COMOX
V9M3G6	COMOX
V9M3G7	COMOX
V9M3G8	COMOX
V9M3G9	COMOX
V9M3H1	COMOX
V9M3H2	COMOX
V9M3H3	COMOX
V9M3H4	COMOX
V9M3H5	COMOX
V9M3H6	COMOX
V9M3H7	COMOX
V9M3H8	COMOX
V9M3H9	COMOX
V9M3J1	COMOX
V9M3J2	COMOX
V9M3J3	COMOX
V9M3J4	COMOX
V9M3J5	COMOX
V9M3J6	COMOX
V9M3J7	COMOX
V9M3J8	COMOX
V9M3J9	COMOX
V9M3K1	COMOX
V9M3K2	COMOX
V9M3K3	COMOX
V9M3K4	COMOX
V9M3K5	COMOX
V9M3K6	COMOX
V9M3K7	COMOX
V9M3K8	COMOX
V9M3K9	COMOX
V9M3L1	COMOX
V9M3L2	COMOX
V9M3L3	COMOX
V9M3L4	COMOX
V9M3L5	COMOX
V9M3L6	COMOX
V9M3L7	COMOX
V9M3L8	COMOX
V9M3L9	COMOX
V9M3M1	COMOX
V9M3M2	COMOX
V9M3M3	COMOX
V9M3M4	COMOX
V9M3M5	COMOX
V9M3M6	COMOX
V9M3M7	COMOX
V9M3M8	COMOX
V9M3M9	COMOX
V9M3N1	COMOX
V9M3N2	COMOX
V9M3N3	COMOX
V9M3N4	COMOX
V9M3N5	COMOX
V9M3N6	COMOX
V9M3N7	COMOX
V9M3N8	COMOX
V9M3N9	COMOX
V9M3P1	COMOX
V9M3P2	COMOX
V9M3P3	COMOX
V9M3P4	COMOX
V9M3P5	COMOX
V9M3P6	COMOX
V9M3P7	COMOX
V9M3P8	COMOX
V9M3P9	COMOX
V9M3R1	COMOX
V9M3R2	COMOX
V9M3R3	COMOX
V9M3R4	COMOX
V9M3R5	COMOX
V9M3R6	COMOX
V9M3R7	COMOX
V9M3R8	COMOX
V9M3R9	COMOX
V9M3S1	COMOX
V9M3S2	COMOX
V9M3S3	COMOX
V9M3S4	COMOX
V9M3S5	COMOX
V9M3S6	COMOX
V9M3S7	COMOX
V9M3S8	COMOX
V9M3S9	COMOX
V9M3T1	COMOX
V9M3T2	COMOX
V9M3T3	COMOX
V9M3T4	COMOX
V9M3T5	COMOX
V9M3T6	COMOX
V9M3T7	COMOX
V9M3T8	COMOX
V9M3T9	COMOX
V9M3V1	COMOX
V9M3V2	COMOX
V9M3V3	COMOX
V9M3V4	COMOX
V9M3V5	COMOX
V9M3V6	COMOX
V9M3V7	COMOX
V9M3V8	COMOX
V9M3V9	COMOX
V9M3W1	COMOX
V9M3W2	COMOX
V9M3W3	COMOX
V9M3W4	COMOX
V9M3W5	COMOX
V9M3W6	COMOX
V9M3W7	COMOX
V9M3W8	COMOX
V9M3W9	COMOX
V9M3X1	COMOX
V9M3X2	COMOX
V9M3X3	COMOX
V9M3X4	COMOX
V9M3X5	COMOX
V9M3X7	COMOX
V9M3X8	COMOX
V9M3X9	COMOX
V9M3Y1	COMOX
V9M3Y2	COMOX
V9M3Y3	COMOX
V9M3Y4	COMOX
V9M3Y5	COMOX
V9M3Y6	COMOX
V9M3Y7	COMOX
V9M3Y8	COMOX
V9M3Y9	COMOX
V9M3Z1	COMOX
V9M3Z2	COMOX
V9M3Z3	COMOX
V9M3Z4	COMOX
V9M3Z5	COMOX
V9M3Z6	COMOX
V9M3Z7	COMOX
V9M3Z8	COMOX
V9M3Z9	COMOX
V9M4A1	COMOX
V9M4A2	COMOX
V9M4A3	COMOX
V9M4A4	COMOX
V9M4A5	COMOX
V9M4A6	COMOX
V9M4A7	COMOX
V9M4A8	COMOX
V9M4A9	COMOX
V9M4B1	COMOX
V9M4B2	COMOX
V9M4B3	COMOX
V9M4B4	COMOX
V9M4B5	COMOX
V9M4B6	COMOX
V9M4B7	COMOX
V9M4B8	COMOX
V9M4B9	COMOX
V9M4C1	COMOX
V9M4C2	COMOX
V9M4C3	COMOX
V9M4C4	COMOX
V9M4C5	COMOX
V9M4C6	COMOX
V9M4C7	COMOX
V9M4C8	COMOX
V9M4C9	COMOX
V9M4E1	COMOX
V9M4E2	COMOX
V9M4E3	COMOX
V9M4E4	COMOX
V9M4E5	COMOX
V9M4E6	COMOX
V9M4E7	COMOX
V9M4E8	COMOX
V9M4E9	COMOX
V9M4G1	COMOX
V9M4G2	COMOX
V9M4G3	COMOX
V9M4G4	COMOX
V9M4G5	COMOX
V9M4G6	COMOX
V9M4G7	COMOX
V9M4G8	COMOX
V9M4G9	COMOX
V9M4H1	COMOX
V9M4H2	COMOX
V9M4H3	COMOX
V9M4H4	COMOX
V9M4H5	COMOX
V9M4H6	COMOX
V9M4H7	COMOX
V9M4H8	COMOX
V9M4H9	COMOX
V9M4J1	COMOX
V9M4J2	COMOX
V9M4J3	COMOX
V9M4J4	COMOX
V9M4J5	COMOX
V9M4J6	COMOX
V9M7Z8	COMOX
V9M7Z9	COMOX
V9M8A1	COMOX
V9M8A2	COMOX
V9R6R1	PROTECTION
V9Y0A1	PORT ALBERNI
V9Y0A2	PORT ALBERNI
V9Y0A3	PORT ALBERNI
V9Y0A4	PORT ALBERNI
V9Y0A5	PORT ALBERNI
V9Y0A6	PORT ALBERNI
V9Y0A7	PORT ALBERNI
V9Y0A8	PORT ALBERNI
V9Y0A9	PORT ALBERNI
V9Y0B1	PORT ALBERNI
V9Y0B2	PORT ALBERNI
V9Y0B3	PORT ALBERNI
V9Y0B4	PORT ALBERNI
V9Y0B5	PORT ALBERNI
V9Y0B6	PORT ALBERNI
V9Y0B7	PORT ALBERNI
V9Y0B8	PORT ALBERNI
V9Y0B9	PORT ALBERNI
V9Y0C1	PORT ALBERNI
V9Y0C2	PORT ALBERNI
V9Y0C3	PORT ALBERNI
V9Y0C4	PORT ALBERNI
V9Y0C5	PORT ALBERNI
V9Y0C6	PORT ALBERNI
V9Y0C7	PORT ALBERNI
V9Y0C8	PORT ALBERNI
V9Y0C9	PORT ALBERNI
V9Y0E1	PORT ALBERNI
V9Y0E2	PORT ALBERNI
V9Y0E3	PORT ALBERNI
V9Y0E4	PORT ALBERNI
V9Y0E5	PORT ALBERNI
V9Y0E6	PORT ALBERNI
V9Y0E7	PORT ALBERNI
V9Y0E8	PORT ALBERNI
V9Y0E9	PORT ALBERNI
V9Y1A1	PORT ALBERNI
V9Y1A2	PORT ALBERNI
V9Y1A3	PORT ALBERNI
V9Y1A4	PORT ALBERNI
V9Y1A5	PORT ALBERNI
V9Y1A6	PORT ALBERNI
V9Y1A7	PORT ALBERNI
V9Y1A8	PORT ALBERNI
V9Y1A9	PORT ALBERNI
V9Y1B1	PORT ALBERNI
V9Y1B2	PORT ALBERNI
V9Y1B3	PORT ALBERNI
V9Y1B4	PORT ALBERNI
V9Y1B5	PORT ALBERNI
V9Y1B6	PORT ALBERNI
V9Y1B7	PORT ALBERNI
V9Y1B8	PORT ALBERNI
V9Y1B9	PORT ALBERNI
V9Y1C1	PORT ALBERNI
V9Y1C2	PORT ALBERNI
V9Y1C3	PORT ALBERNI
V9Y1C4	PORT ALBERNI
V9Y1C5	PORT ALBERNI
V9Y1C6	PORT ALBERNI
V9Y1C7	PORT ALBERNI
V9Y1C8	PORT ALBERNI
V9Y1C9	PORT ALBERNI
V9Y1E1	PORT ALBERNI
V9Y1E2	PORT ALBERNI
V9Y1E3	PORT ALBERNI
V9Y1E4	PORT ALBERNI
V9Y1E5	PORT ALBERNI
V9Y1E6	PORT ALBERNI
V9Y1E7	PORT ALBERNI
V9Y1E8	PORT ALBERNI
V9Y1E9	PORT ALBERNI
V9Y1G1	PORT ALBERNI
V9Y1G2	PORT ALBERNI
V9Y1G3	PORT ALBERNI
V9Y1G4	PORT ALBERNI
V9Y1G5	PORT ALBERNI
V9Y1G6	PORT ALBERNI
V9Y1G7	PORT ALBERNI
V9Y1G8	PORT ALBERNI
V9Y1G9	PORT ALBERNI
V9Y1H1	PORT ALBERNI
V9Y1H2	PORT ALBERNI
V9Y1H3	PORT ALBERNI
V9Y1H4	PORT ALBERNI
V9Y1H5	PORT ALBERNI
V9Y1H6	PORT ALBERNI
V9Y1H7	PORT ALBERNI
V9Y1H8	PORT ALBERNI
V9Y1H9	PORT ALBERNI
V9Y1J1	PORT ALBERNI
V9Y1J2	PORT ALBERNI
V9Y1J3	PORT ALBERNI
V9Y1J4	PORT ALBERNI
V9Y1J5	PORT ALBERNI
V9Y1J6	PORT ALBERNI
V9Y1J7	PORT ALBERNI
V9Y1J8	PORT ALBERNI
V9Y1J9	PORT ALBERNI
V9Y1K1	PORT ALBERNI
V9Y1K2	PORT ALBERNI
V9Y1K3	PORT ALBERNI
V9Y1K4	PORT ALBERNI
V9Y1K5	PORT ALBERNI
V9Y1K6	PORT ALBERNI
V9Y1K7	PORT ALBERNI
V9Y1K8	PORT ALBERNI
V9Y1K9	PORT ALBERNI
V9Y1L1	PORT ALBERNI
V9Y1L2	PORT ALBERNI
V9Y1L3	PORT ALBERNI
V9Y1L4	PORT ALBERNI
V9Y1L5	PORT ALBERNI
V9Y1L6	PORT ALBERNI
V9Y1L7	PORT ALBERNI
V9Y1L8	PORT ALBERNI
V9Y1L9	PORT ALBERNI
V9Y1M1	PORT ALBERNI
V9Y1M2	PORT ALBERNI
V9Y1M3	PORT ALBERNI
V9Y1M4	PORT ALBERNI
V9Y1M5	PORT ALBERNI
V9Y1M6	PORT ALBERNI
V9Y1M7	PORT ALBERNI
V9Y1M8	PORT ALBERNI
V9Y1M9	PORT ALBERNI
V9Y1N1	PORT ALBERNI
V9Y1N2	PORT ALBERNI
V9Y1N3	PORT ALBERNI
V9Y1N4	PORT ALBERNI
V9Y1N5	PORT ALBERNI
V9Y1N6	PORT ALBERNI
V9Y1N7	PORT ALBERNI
V9Y1N8	PORT ALBERNI
V9Y1N9	PORT ALBERNI
V9Y1P1	PORT ALBERNI
V9Y1P2	PORT ALBERNI
V9Y1P3	PORT ALBERNI
V9Y1P4	PORT ALBERNI
V9Y1P5	PORT ALBERNI
V9Y1P7	PORT ALBERNI
V9Y1P8	PORT ALBERNI
V9Y1P9	PORT ALBERNI
V9Y1R1	PORT ALBERNI
V9Y1R2	PORT ALBERNI
V9Y1R3	PORT ALBERNI
V9Y1R4	PORT ALBERNI
V9Y1R5	PORT ALBERNI
V9Y1R6	PORT ALBERNI
V9Y1R7	PORT ALBERNI
V9Y1R8	PORT ALBERNI
V9Y1R9	PORT ALBERNI
V9Y1S1	PORT ALBERNI
V9Y1S2	PORT ALBERNI
V9Y1S3	PORT ALBERNI
V9Y1S4	PORT ALBERNI
V9Y1S5	PORT ALBERNI
V9Y1S6	PORT ALBERNI
V9Y1S7	PORT ALBERNI
V9Y1S8	PORT ALBERNI
V9Y1S9	PORT ALBERNI
V9Y1T1	PORT ALBERNI
V9Y1T2	PORT ALBERNI
V9Y1T3	PORT ALBERNI
V9Y1T4	PORT ALBERNI
V9Y1T5	PORT ALBERNI
V9Y1T6	PORT ALBERNI
V9Y1T7	PORT ALBERNI
V9Y1T8	PORT ALBERNI
V9Y1T9	PORT ALBERNI
V9Y1V1	PORT ALBERNI
V9Y1V2	PORT ALBERNI
V9Y1V3	PORT ALBERNI
V9Y1V4	PORT ALBERNI
V9Y1V5	PORT ALBERNI
V9Y1V6	PORT ALBERNI
V9Y1V7	PORT ALBERNI
V9Y1V8	PORT ALBERNI
V9Y1V9	PORT ALBERNI
V9Y1W1	PORT ALBERNI
V9Y1W2	PORT ALBERNI
V9Y1W3	PORT ALBERNI
V9Y1W4	PORT ALBERNI
V9Y1W5	PORT ALBERNI
V9Y1W6	PORT ALBERNI
V9Y1W7	PORT ALBERNI
V9Y1W9	PORT ALBERNI
V9Y1X1	PORT ALBERNI
V9Y1X2	PORT ALBERNI
V9Y1X3	PORT ALBERNI
V9Y1X4	PORT ALBERNI
V9Y1X5	PORT ALBERNI
V9Y1X6	PORT ALBERNI
V9Y1X7	PORT ALBERNI
V9Y1X8	PORT ALBERNI
V9Y1X9	PORT ALBERNI
V9Y1Y1	PORT ALBERNI
V9Y1Y2	PORT ALBERNI
V9Y1Y3	PORT ALBERNI
V9Y1Y4	PORT ALBERNI
V9Y1Y5	PORT ALBERNI
V9Y1Y6	PORT ALBERNI
V9Y1Y7	PORT ALBERNI
V9Y1Y8	PORT ALBERNI
V9Y1Y9	PORT ALBERNI
V9Y1Z1	PORT ALBERNI
V9Y1Z2	PORT ALBERNI
V9Y1Z3	PORT ALBERNI
V9Y1Z4	PORT ALBERNI
V9Y1Z5	PORT ALBERNI
V9Y1Z6	PORT ALBERNI
V9Y1Z7	PORT ALBERNI
V9Y1Z8	PORT ALBERNI
V9Y1Z9	PORT ALBERNI
V9Y2A1	PORT ALBERNI
V9Y2A2	PORT ALBERNI
V9Y2A3	PORT ALBERNI
V9Y2A4	PORT ALBERNI
V9Y2A5	PORT ALBERNI
V9Y2A6	PORT ALBERNI
V9Y2A7	PORT ALBERNI
V9Y2A8	PORT ALBERNI
V9Y2A9	PORT ALBERNI
V9Y2B1	PORT ALBERNI
V9Y2B2	PORT ALBERNI
V9Y2B3	PORT ALBERNI
V9Y2B4	PORT ALBERNI
V9Y2B5	PORT ALBERNI
V9Y2B6	PORT ALBERNI
V9Y2B7	PORT ALBERNI
V9Y2B8	PORT ALBERNI
V9Y2B9	PORT ALBERNI
V9Y2C1	PORT ALBERNI
V9Y2C2	PORT ALBERNI
V9Y2C3	PORT ALBERNI
V9Y2C4	PORT ALBERNI
V9Y2C5	PORT ALBERNI
V9Y2C6	PORT ALBERNI
V9Y2C7	PORT ALBERNI
V9Y2C8	PORT ALBERNI
V9Y2C9	PORT ALBERNI
V9Y2E1	PORT ALBERNI
V9Y2E2	PORT ALBERNI
V9Y2E3	PORT ALBERNI
V9Y2E4	PORT ALBERNI
V9Y2E5	PORT ALBERNI
V9Y2E7	PORT ALBERNI
V9Y2E8	PORT ALBERNI
V9Y2E9	PORT ALBERNI
V9Y2G1	PORT ALBERNI
V9Y2G2	PORT ALBERNI
V9Y2G3	PORT ALBERNI
V9Y2G4	PORT ALBERNI
V9Y2G5	PORT ALBERNI
V9Y2G6	PORT ALBERNI
V9Y2G7	PORT ALBERNI
V9Y2G8	PORT ALBERNI
V9Y2G9	PORT ALBERNI
V9Y2H1	PORT ALBERNI
V9Y2H2	PORT ALBERNI
V9Y2H3	PORT ALBERNI
V9Y2H4	PORT ALBERNI
V9Y2H5	PORT ALBERNI
V9Y2H6	PORT ALBERNI
V9Y2H7	PORT ALBERNI
V9Y2H8	PORT ALBERNI
V9Y2H9	PORT ALBERNI
V9Y2J1	PORT ALBERNI
V9Y2J2	PORT ALBERNI
V9Y2J3	PORT ALBERNI
V9Y2J4	PORT ALBERNI
V9Y2J5	PORT ALBERNI
V9Y2J6	PORT ALBERNI
V9Y2J7	PORT ALBERNI
V9Y2J8	PORT ALBERNI
V9Y2J9	PORT ALBERNI
V9Y2K1	PORT ALBERNI
V9Y2K2	PORT ALBERNI
V9Y2K3	PORT ALBERNI
V9Y2K4	PORT ALBERNI
V9Y2K5	PORT ALBERNI
V9Y2K6	PORT ALBERNI
V9Y2K7	PORT ALBERNI
V9Y2K8	PORT ALBERNI
V9Y2K9	PORT ALBERNI
V9Y2L1	PORT ALBERNI
V9Y2L2	PORT ALBERNI
V9Y2L3	PORT ALBERNI
V9Y2L4	PORT ALBERNI
V9Y2L5	PORT ALBERNI
V9Y2L6	PORT ALBERNI
V9Y2L7	PORT ALBERNI
V9Y2L8	PORT ALBERNI
V9Y2L9	PORT ALBERNI
V9Y2M1	PORT ALBERNI
V9Y2M2	PORT ALBERNI
V9Y2M3	PORT ALBERNI
V9Y2M4	PORT ALBERNI
V9Y2M5	PORT ALBERNI
V9Y2M6	PORT ALBERNI
V9Y2M7	PORT ALBERNI
V9Y2M8	PORT ALBERNI
V9Y2M9	PORT ALBERNI
V9Y2N1	PORT ALBERNI
V9Y2N2	PORT ALBERNI
V9Y2N3	PORT ALBERNI
V9Y2N4	PORT ALBERNI
V9Y2N5	PORT ALBERNI
V9Y2N6	PORT ALBERNI
V9Y2N7	PORT ALBERNI
V9Y2N8	PORT ALBERNI
V9Y2N9	PORT ALBERNI
V9Y2P1	PORT ALBERNI
V9Y2P2	PORT ALBERNI
V9Y2P3	PORT ALBERNI
V9Y2P4	PORT ALBERNI
V9Y2P5	PORT ALBERNI
V9Y2P6	PORT ALBERNI
V9Y2P7	PORT ALBERNI
V9Y2P8	PORT ALBERNI
V9Y2P9	PORT ALBERNI
V9Y2R1	PORT ALBERNI
V9Y2R2	PORT ALBERNI
V9Y2R3	PORT ALBERNI
V9Y2R4	PORT ALBERNI
V9Y2R5	PORT ALBERNI
V9Y2R6	PORT ALBERNI
V9Y2R7	PORT ALBERNI
V9Y2R8	PORT ALBERNI
V9Y2R9	PORT ALBERNI
V9Y2S1	PORT ALBERNI
V9Y2S2	PORT ALBERNI
V9Y2S3	PORT ALBERNI
V9Y2S4	PORT ALBERNI
V9Y2S5	PORT ALBERNI
V9Y2S6	PORT ALBERNI
V9Y2S7	PORT ALBERNI
V9Y2S8	PORT ALBERNI
V9Y2S9	PORT ALBERNI
V9Y2T1	PORT ALBERNI
V9Y2T2	PORT ALBERNI
V9Y2T3	PORT ALBERNI
V9Y2T4	PORT ALBERNI
V9Y2T5	PORT ALBERNI
V9Y2T6	PORT ALBERNI
V9Y2T7	PORT ALBERNI
V9Y2T8	PORT ALBERNI
V9Y2T9	PORT ALBERNI
V9Y2V1	PORT ALBERNI
V9Y2V2	PORT ALBERNI
V9Y2V3	PORT ALBERNI
V9Y2V4	PORT ALBERNI
V9Y2V5	PORT ALBERNI
V9Y2V6	PORT ALBERNI
V9Y2V7	PORT ALBERNI
V9Y2V8	PORT ALBERNI
V9Y2V9	PORT ALBERNI
V9Y2W1	PORT ALBERNI
V9Y2W2	PORT ALBERNI
V9Y2W3	PORT ALBERNI
V9Y2W4	PORT ALBERNI
V9Y2W5	PORT ALBERNI
V9Y2W6	PORT ALBERNI
V9Y2W7	PORT ALBERNI
V9Y2W8	PORT ALBERNI
V9Y2W9	PORT ALBERNI
V9Y2X1	PORT ALBERNI
V9Y2X2	PORT ALBERNI
V9Y2X3	PORT ALBERNI
V9Y2X4	PORT ALBERNI
V9Y2X5	PORT ALBERNI
V9Y2X6	PORT ALBERNI
V9Y2X7	PORT ALBERNI
V9Y2X8	PORT ALBERNI
V9Y2X9	PORT ALBERNI
V9Y2Y1	PORT ALBERNI
V9Y2Y2	PORT ALBERNI
V9Y2Y3	PORT ALBERNI
V9Y2Y4	PORT ALBERNI
V9Y2Y5	PORT ALBERNI
V9Y2Y6	PORT ALBERNI
V9Y2Y7	PORT ALBERNI
V9Y2Y8	PORT ALBERNI
V9Y2Y9	PORT ALBERNI
V9Y2Z1	PORT ALBERNI
V9Y2Z2	PORT ALBERNI
V9Y2Z3	PORT ALBERNI
V9Y2Z4	PORT ALBERNI
V9Y2Z5	PORT ALBERNI
V9Y2Z6	PORT ALBERNI
V9Y2Z7	PORT ALBERNI
V9Y2Z8	PORT ALBERNI
V9Y2Z9	PORT ALBERNI
V9Y3A1	PORT ALBERNI
V9Y3A2	PORT ALBERNI
V9Y3A3	PORT ALBERNI
V9Y3A4	PORT ALBERNI
V9Y3A5	PORT ALBERNI
V9Y3A6	PORT ALBERNI
V9Y3A7	PORT ALBERNI
V9Y3A8	PORT ALBERNI
V9Y3A9	PORT ALBERNI
V9Y3B1	PORT ALBERNI
V9Y3B2	PORT ALBERNI
V9Y3B3	PORT ALBERNI
V9Y3B4	PORT ALBERNI
V9Y3B6	PORT ALBERNI
V9Y3B7	PORT ALBERNI
V9Y3B8	PORT ALBERNI
V9Y3B9	PORT ALBERNI
V9Y3C1	PORT ALBERNI
V9Y3C2	PORT ALBERNI
V9Y3C4	PORT ALBERNI
V9Y3C6	PORT ALBERNI
V9Y3C7	PORT ALBERNI
V9Y3C8	PORT ALBERNI
V9Y3C9	PORT ALBERNI
V9Y3E1	PORT ALBERNI
V9Y3E2	PORT ALBERNI
V9Y3E3	PORT ALBERNI
V9Y3E4	PORT ALBERNI
V9Y3E5	PORT ALBERNI
V9Y3E6	PORT ALBERNI
V9Y3E7	PORT ALBERNI
V9Y3E8	PORT ALBERNI
V9Y3E9	PORT ALBERNI
V9Y3G1	PORT ALBERNI
V9Y3G2	PORT ALBERNI
V9Y3G3	PORT ALBERNI
V9Y3G4	PORT ALBERNI
V9Y3G6	PORT ALBERNI
V9Y3G7	PORT ALBERNI
V9Y3G8	PORT ALBERNI
V9Y3G9	PORT ALBERNI
V9Y3H1	PORT ALBERNI
V9Y3H2	PORT ALBERNI
V9Y3H3	PORT ALBERNI
V9Y3H4	PORT ALBERNI
V9Y3H5	PORT ALBERNI
V9Y3H6	PORT ALBERNI
V9Y3H7	PORT ALBERNI
V9Y3H8	PORT ALBERNI
V9Y3H9	PORT ALBERNI
V9Y3J1	PORT ALBERNI
V9Y3J2	PORT ALBERNI
V9Y3J3	PORT ALBERNI
V9Y3J4	PORT ALBERNI
V9Y3J5	PORT ALBERNI
V9Y3J6	PORT ALBERNI
V9Y3J7	PORT ALBERNI
V9Y3J8	PORT ALBERNI
V9Y3J9	PORT ALBERNI
V9Y3K1	PORT ALBERNI
V9Y3K2	PORT ALBERNI
V9Y3K3	PORT ALBERNI
V9Y3K4	PORT ALBERNI
V9Y3K5	PORT ALBERNI
V9Y3K6	PORT ALBERNI
V9Y3K7	PORT ALBERNI
V9Y3K8	PORT ALBERNI
V9Y3K9	PORT ALBERNI
V9Y3L1	PORT ALBERNI
V9Y3L2	PORT ALBERNI
V9Y3L3	PORT ALBERNI
V9Y3L4	PORT ALBERNI
V9Y3L5	PORT ALBERNI
V9Y3L6	PORT ALBERNI
V9Y3L7	PORT ALBERNI
V9Y3L8	PORT ALBERNI
V9Y3L9	PORT ALBERNI
V9Y3M1	PORT ALBERNI
V9Y3M2	PORT ALBERNI
V9Y3M3	PORT ALBERNI
V9Y3M4	PORT ALBERNI
V9Y3M5	PORT ALBERNI
V9Y3M6	PORT ALBERNI
V9Y3M7	PORT ALBERNI
V9Y3M8	PORT ALBERNI
V9Y3M9	PORT ALBERNI
V9Y3N1	PORT ALBERNI
V9Y3N2	PORT ALBERNI
V9Y3N3	PORT ALBERNI
V9Y3N4	PORT ALBERNI
V9Y3N5	PORT ALBERNI
V9Y3N6	PORT ALBERNI
V9Y3N7	PORT ALBERNI
V9Y3N9	PORT ALBERNI
V9Y3P1	PORT ALBERNI
V9Y3P2	PORT ALBERNI
V9Y3P3	PORT ALBERNI
V9Y3P4	PORT ALBERNI
V9Y3P5	PORT ALBERNI
V9Y3P6	PORT ALBERNI
V9Y3P7	PORT ALBERNI
V9Y3P8	PORT ALBERNI
V9Y3P9	PORT ALBERNI
V9Y3R1	PORT ALBERNI
V9Y3R2	PORT ALBERNI
V9Y3R3	PORT ALBERNI
V9Y3R4	PORT ALBERNI
V9Y3R5	PORT ALBERNI
V9Y3R6	PORT ALBERNI
V9Y3R7	PORT ALBERNI
V9Y3R8	PORT ALBERNI
V9Y3R9	PORT ALBERNI
V9Y3S1	PORT ALBERNI
V9Y3S2	PORT ALBERNI
V9Y3S3	PORT ALBERNI
V9Y3S4	PORT ALBERNI
V9Y3S5	PORT ALBERNI
V9Y3S6	PORT ALBERNI
V9Y3S7	PORT ALBERNI
V9Y3S8	PORT ALBERNI
V9Y3S9	PORT ALBERNI
V9Y3T1	PORT ALBERNI
V9Y3T2	PORT ALBERNI
V9Y3T3	PORT ALBERNI
V9Y3T4	PORT ALBERNI
V9Y3T5	PORT ALBERNI
V9Y3T6	PORT ALBERNI
V9Y3T7	PORT ALBERNI
V9Y3T8	PORT ALBERNI
V9Y3T9	PORT ALBERNI
V9Y3V1	PORT ALBERNI
V9Y3V2	PORT ALBERNI
V9Y3V3	PORT ALBERNI
V9Y3V4	PORT ALBERNI
V9Y3V5	PORT ALBERNI
V9Y3V6	PORT ALBERNI
V9Y3V7	PORT ALBERNI
V9Y3V8	PORT ALBERNI
V9Y3V9	PORT ALBERNI
V9Y3W1	PORT ALBERNI
V9Y3W2	PORT ALBERNI
V9Y3W3	PORT ALBERNI
V9Y3W4	PORT ALBERNI
V9Y3W5	PORT ALBERNI
V9Y3W6	PORT ALBERNI
V9Y3W7	PORT ALBERNI
V9Y3W8	PORT ALBERNI
V9Y3W9	PORT ALBERNI
V9Y3X1	PORT ALBERNI
V9Y3X2	PORT ALBERNI
V9Y3X3	PORT ALBERNI
V9Y3X4	PORT ALBERNI
V9Y3X5	PORT ALBERNI
V9Y3X6	PORT ALBERNI
V9Y3X7	PORT ALBERNI
V9Y3X8	PORT ALBERNI
V9Y3X9	PORT ALBERNI
V9Y3Y1	PORT ALBERNI
V9Y3Y2	PORT ALBERNI
V9Y3Y3	PORT ALBERNI
V9Y3Y4	PORT ALBERNI
V9Y3Y5	PORT ALBERNI
V9Y3Y6	PORT ALBERNI
V9Y3Y7	PORT ALBERNI
V9Y3Y8	PORT ALBERNI
V9Y3Y9	PORT ALBERNI
V9Y3Z1	PORT ALBERNI
V9Y3Z2	PORT ALBERNI
V9Y3Z3	PORT ALBERNI
V9Y3Z4	PORT ALBERNI
V9Y3Z5	PORT ALBERNI
V9Y3Z6	PORT ALBERNI
V9Y3Z7	PORT ALBERNI
V9Y3Z8	PORT ALBERNI
V9Y3Z9	PORT ALBERNI
V9Y4A1	PORT ALBERNI
V9Y4A2	PORT ALBERNI
V9Y4A3	PORT ALBERNI
V9Y4A4	PORT ALBERNI
V9Y4A5	PORT ALBERNI
V9Y4A6	PORT ALBERNI
V9Y4A7	PORT ALBERNI
V9Y4A8	PORT ALBERNI
V9Y4A9	PORT ALBERNI
V9Y4B1	PORT ALBERNI
V9Y4B2	PORT ALBERNI
V9Y4B3	PORT ALBERNI
V9Y4B4	PORT ALBERNI
V9Y4B5	PORT ALBERNI
V9Y4B6	PORT ALBERNI
V9Y4B7	PORT ALBERNI
V9Y4B8	PORT ALBERNI
V9Y4B9	PORT ALBERNI
V9Y4C1	PORT ALBERNI
V9Y4C2	PORT ALBERNI
V9Y4C3	PORT ALBERNI
V9Y4C4	PORT ALBERNI
V9Y4C5	PORT ALBERNI
V9Y4C6	PORT ALBERNI
V9Y4C7	PORT ALBERNI
V9Y4C8	PORT ALBERNI
V9Y4C9	PORT ALBERNI
V9Y4E1	PORT ALBERNI
V9Y4E2	PORT ALBERNI
V9Y4E3	PORT ALBERNI
V9Y4E4	PORT ALBERNI
V9Y4E5	PORT ALBERNI
V9Y4E6	PORT ALBERNI
V9Y4E7	PORT ALBERNI
V9Y4E8	PORT ALBERNI
V9Y4E9	PORT ALBERNI
V9Y4G1	PORT ALBERNI
V9Y4G2	PORT ALBERNI
V9Y4G3	PORT ALBERNI
V9Y4G4	PORT ALBERNI
V9Y4G5	PORT ALBERNI
V9Y4G6	PORT ALBERNI
V9Y4G7	PORT ALBERNI
V9Y4G8	PORT ALBERNI
V9Y4G9	PORT ALBERNI
V9Y4H1	PORT ALBERNI
V9Y4H2	PORT ALBERNI
V9Y4H3	PORT ALBERNI
V9Y4H4	PORT ALBERNI
V9Y4H5	PORT ALBERNI
V9Y4H6	PORT ALBERNI
V9Y4H7	PORT ALBERNI
V9Y4H8	PORT ALBERNI
V9Y4H9	PORT ALBERNI
V9Y4J1	PORT ALBERNI
V9Y4J2	PORT ALBERNI
V9Y4J3	PORT ALBERNI
V9Y4J5	PORT ALBERNI
V9Y4J6	PORT ALBERNI
V9Y4J7	PORT ALBERNI
V9Y4J8	PORT ALBERNI
V9Y4K1	PORT ALBERNI
V9Y4K2	PORT ALBERNI
V9Y4K3	PORT ALBERNI
V9Y4K4	PORT ALBERNI
V9Y4K5	PORT ALBERNI
V9Y4K6	PORT ALBERNI
V9Y4K7	PORT ALBERNI
V9Y4K8	PORT ALBERNI
V9Y4K9	PORT ALBERNI
V9Y4L1	PORT ALBERNI
V9Y4L2	PORT ALBERNI
V9Y4L3	PORT ALBERNI
V9Y4L4	PORT ALBERNI
V9Y4L5	PORT ALBERNI
V9Y4L6	PORT ALBERNI
V9Y4L7	PORT ALBERNI
V9Y4L8	PORT ALBERNI
V9Y4L9	PORT ALBERNI
V9Y4M1	PORT ALBERNI
V9Y4M2	PORT ALBERNI
V9Y4M3	PORT ALBERNI
V9Y4M4	PORT ALBERNI
V9Y4M5	PORT ALBERNI
V9Y4M6	PORT ALBERNI
V9Y4M7	PORT ALBERNI
V9Y4M8	PORT ALBERNI
V9Y4M9	PORT ALBERNI
V9Y4N1	PORT ALBERNI
V9Y4N2	PORT ALBERNI
V9Y4N3	PORT ALBERNI
V9Y4N4	PORT ALBERNI
V9Y4N5	PORT ALBERNI
V9Y4N6	PORT ALBERNI
V9Y4N7	PORT ALBERNI
V9Y4N8	PORT ALBERNI
V9Y4N9	PORT ALBERNI
V9Y4P1	PORT ALBERNI
V9Y4P2	PORT ALBERNI
V9Y4P3	PORT ALBERNI
V9Y4P4	PORT ALBERNI
V9Y4P5	PORT ALBERNI
V9Y4P6	PORT ALBERNI
V9Y4P7	PORT ALBERNI
V9Y4P8	PORT ALBERNI
V9Y4P9	PORT ALBERNI
V9Y4R1	PORT ALBERNI
V9Y4R2	PORT ALBERNI
V9Y4R3	PORT ALBERNI
V9Y4R4	PORT ALBERNI
V9Y4R5	PORT ALBERNI
V9Y4R6	PORT ALBERNI
V9Y4R7	PORT ALBERNI
V9Y4R8	PORT ALBERNI
V9Y4R9	PORT ALBERNI
V9Y4S1	PORT ALBERNI
V9Y4S2	PORT ALBERNI
V9Y4S3	PORT ALBERNI
V9Y4S4	PORT ALBERNI
V9Y4S5	PORT ALBERNI
V9Y4S6	PORT ALBERNI
V9Y4S7	PORT ALBERNI
V9Y4S8	PORT ALBERNI
V9Y4S9	PORT ALBERNI
V9Y4T1	PORT ALBERNI
V9Y4T2	PORT ALBERNI
V9Y4T3	PORT ALBERNI
V9Y4T4	PORT ALBERNI
V9Y4T5	PORT ALBERNI
V9Y4T6	PORT ALBERNI
V9Y4T7	PORT ALBERNI
V9Y4T8	PORT ALBERNI
V9Y4T9	PORT ALBERNI
V9Y4V1	PORT ALBERNI
V9Y4V2	PORT ALBERNI
V9Y4V3	PORT ALBERNI
V9Y4V4	PORT ALBERNI
V9Y4V5	PORT ALBERNI
V9Y4V6	PORT ALBERNI
V9Y4V7	PORT ALBERNI
V9Y4V8	PORT ALBERNI
V9Y4V9	PORT ALBERNI
V9Y4W1	PORT ALBERNI
V9Y4W2	PORT ALBERNI
V9Y4W3	PORT ALBERNI
V9Y4W4	PORT ALBERNI
V9Y4W5	PORT ALBERNI
V9Y4W6	PORT ALBERNI
V9Y4W7	PORT ALBERNI
V9Y4W8	PORT ALBERNI
V9Y4W9	PORT ALBERNI
V9Y4X1	PORT ALBERNI
V9Y4X2	PORT ALBERNI
V9Y4X3	PORT ALBERNI
V9Y4X4	PORT ALBERNI
V9Y4X5	PORT ALBERNI
V9Y4X6	PORT ALBERNI
V9Y4X7	PORT ALBERNI
V9Y4X8	PORT ALBERNI
V9Y4X9	PORT ALBERNI
V9Y4Y1	PORT ALBERNI
V9Y4Y2	PORT ALBERNI
V9Y4Y3	PORT ALBERNI
V9Y4Y4	PORT ALBERNI
V9Y4Y5	PORT ALBERNI
V9Y4Y6	PORT ALBERNI
V9Y4Y7	PORT ALBERNI
V9Y4Y8	PORT ALBERNI
V9Y4Y9	PORT ALBERNI
V9Y4Z1	PORT ALBERNI
V9Y4Z2	PORT ALBERNI
V9Y4Z3	PORT ALBERNI
V9Y4Z4	PORT ALBERNI
V9Y4Z5	PORT ALBERNI
V9Y4Z6	PORT ALBERNI
V9Y4Z7	PORT ALBERNI
V9Y4Z8	PORT ALBERNI
V9Y4Z9	PORT ALBERNI
V9Y5A1	PORT ALBERNI
V9Y5A2	PORT ALBERNI
V9Y5A3	PORT ALBERNI
V9Y5A4	PORT ALBERNI
V9Y5A5	PORT ALBERNI
V9Y5A7	PORT ALBERNI
V9Y5A8	PORT ALBERNI
V9Y5A9	PORT ALBERNI
V9Y5B1	PORT ALBERNI
V9Y5B2	PORT ALBERNI
V9Y5B3	PORT ALBERNI
V9Y5B4	PORT ALBERNI
V9Y5B5	PORT ALBERNI
V9Y5B6	PORT ALBERNI
V9Y5B7	PORT ALBERNI
V9Y5B8	PORT ALBERNI
V9Y5B9	PORT ALBERNI
V9Y5C1	PORT ALBERNI
V9Y5C2	PORT ALBERNI
V9Y5C3	PORT ALBERNI
V9Y5C4	PORT ALBERNI
V9Y5C5	PORT ALBERNI
V9Y5C6	PORT ALBERNI
V9Y5C7	PORT ALBERNI
V9Y5C8	PORT ALBERNI
V9Y5C9	PORT ALBERNI
V9Y5E1	PORT ALBERNI
V9Y5E2	PORT ALBERNI
V9Y5E3	PORT ALBERNI
V9Y5E4	PORT ALBERNI
V9Y5E5	PORT ALBERNI
V9Y5E6	PORT ALBERNI
V9Y5E7	PORT ALBERNI
V9Y5E8	PORT ALBERNI
V9Y5E9	PORT ALBERNI
V9Y5G1	PORT ALBERNI
V9Y5G2	PORT ALBERNI
V9Y5G3	PORT ALBERNI
V9Y5G4	PORT ALBERNI
V9Y5G5	PORT ALBERNI
V9Y5G6	PORT ALBERNI
V9Y5G7	PORT ALBERNI
V9Y5G8	PORT ALBERNI
V9Y5G9	PORT ALBERNI
V9Y5H1	PORT ALBERNI
V9Y5H2	PORT ALBERNI
V9Y5H3	PORT ALBERNI
V9Y5H4	PORT ALBERNI
V9Y5H5	PORT ALBERNI
V9Y5H6	PORT ALBERNI
V9Y5H7	PORT ALBERNI
V9Y5H8	PORT ALBERNI
V9Y5H9	PORT ALBERNI
V9Y5J1	PORT ALBERNI
V9Y5J2	PORT ALBERNI
V9Y5J3	PORT ALBERNI
V9Y5J4	PORT ALBERNI
V9Y5J5	PORT ALBERNI
V9Y5J6	PORT ALBERNI
V9Y5J7	PORT ALBERNI
V9Y5J8	PORT ALBERNI
V9Y5J9	PORT ALBERNI
V9Y5K1	PORT ALBERNI
V9Y5K2	PORT ALBERNI
V9Y5K3	PORT ALBERNI
V9Y5K4	PORT ALBERNI
V9Y5K5	PORT ALBERNI
V9Y5K6	PORT ALBERNI
V9Y5K7	PORT ALBERNI
V9Y5K8	PORT ALBERNI
V9Y5K9	PORT ALBERNI
V9Y5L1	PORT ALBERNI
V9Y5L2	PORT ALBERNI
V9Y5L3	PORT ALBERNI
V9Y5L4	PORT ALBERNI
V9Y5L5	PORT ALBERNI
V9Y5L6	PORT ALBERNI
V9Y5L7	PORT ALBERNI
V9Y5L8	PORT ALBERNI
V9Y5L9	PORT ALBERNI
V9Y5M1	PORT ALBERNI
V9Y5M2	PORT ALBERNI
V9Y5M3	PORT ALBERNI
V9Y5M4	PORT ALBERNI
V9Y5M5	PORT ALBERNI
V9Y5M6	PORT ALBERNI
V9Y5M7	PORT ALBERNI
V9Y5M8	PORT ALBERNI
V9Y5M9	PORT ALBERNI
V9Y5N1	PORT ALBERNI
V9Y5N2	PORT ALBERNI
V9Y5N3	PORT ALBERNI
V9Y5N4	PORT ALBERNI
V9Y5N5	PORT ALBERNI
V9Y5N6	PORT ALBERNI
V9Y5N7	PORT ALBERNI
V9Y5N8	PORT ALBERNI
V9Y5N9	PORT ALBERNI
V9Y5P1	PORT ALBERNI
V9Y5P2	PORT ALBERNI
V9Y5P3	PORT ALBERNI
V9Y5P4	PORT ALBERNI
V9Y5P5	PORT ALBERNI
V9Y5P6	PORT ALBERNI
V9Y5P7	PORT ALBERNI
V9Y5P8	PORT ALBERNI
V9Y5P9	PORT ALBERNI
V9Y5R1	PORT ALBERNI
V9Y5R2	PORT ALBERNI
V9Y5R3	PORT ALBERNI
V9Y5R4	PORT ALBERNI
V9Y5R5	PORT ALBERNI
V9Y5R6	PORT ALBERNI
V9Y5R7	PORT ALBERNI
V9Y5R8	PORT ALBERNI
V9Y5R9	PORT ALBERNI
V9Y5S1	PORT ALBERNI
V9Y5S2	PORT ALBERNI
V9Y5S3	PORT ALBERNI
V9Y5S4	PORT ALBERNI
V9Y5S5	PORT ALBERNI
V9Y5S6	PORT ALBERNI
V9Y5S7	PORT ALBERNI
V9Y5S8	PORT ALBERNI
V9Y5S9	PORT ALBERNI
V9Y5T1	PORT ALBERNI
V9Y5T2	PORT ALBERNI
V9Y5T3	PORT ALBERNI
V9Y5T4	PORT ALBERNI
V9Y5T5	PORT ALBERNI
V9Y5T6	PORT ALBERNI
V9Y5T7	PORT ALBERNI
V9Y5T8	PORT ALBERNI
V9Y5T9	PORT ALBERNI
V9Y5V1	PORT ALBERNI
V9Y5V2	PORT ALBERNI
V9Y5V3	PORT ALBERNI
V9Y5V4	PORT ALBERNI
V9Y5V5	PORT ALBERNI
V9Y5V6	PORT ALBERNI
V9Y5V7	PORT ALBERNI
V9Y5V8	PORT ALBERNI
V9Y5V9	PORT ALBERNI
V9Y5W1	PORT ALBERNI
V9Y5W2	PORT ALBERNI
V9Y5W3	PORT ALBERNI
V9Y5W4	PORT ALBERNI
V9Y5W5	PORT ALBERNI
V9Y5W6	PORT ALBERNI
V9Y5W7	PORT ALBERNI
V9Y5W8	PORT ALBERNI
V9Y5W9	PORT ALBERNI
V9Y5X1	PORT ALBERNI
V9Y5X2	PORT ALBERNI
V9Y5X3	PORT ALBERNI
V9Y5X4	PORT ALBERNI
V9Y5X5	PORT ALBERNI
V9Y5X6	PORT ALBERNI
V9Y5X7	PORT ALBERNI
V9Y5X8	PORT ALBERNI
V9Y5X9	PORT ALBERNI
V9Y5Y1	PORT ALBERNI
V9Y5Y2	PORT ALBERNI
V9Y5Y3	PORT ALBERNI
V9Y5Y4	PORT ALBERNI
V9Y5Y5	PORT ALBERNI
V9Y5Y6	PORT ALBERNI
V9Y5Y7	PORT ALBERNI
V9Y5Y8	PORT ALBERNI
V9Y5Y9	PORT ALBERNI
V9Y5Z1	PORT ALBERNI
V9Y5Z2	PORT ALBERNI
V9Y5Z3	PORT ALBERNI
V9Y5Z4	PORT ALBERNI
V9Y5Z5	PORT ALBERNI
V9Y5Z6	PORT ALBERNI
V9Y5Z7	PORT ALBERNI
V9Y5Z8	PORT ALBERNI
V9Y5Z9	PORT ALBERNI
V9Y6A1	PORT ALBERNI
V9Y6A2	PORT ALBERNI
V9Y6A3	PORT ALBERNI
V9Y6A4	PORT ALBERNI
V9Y6A5	PORT ALBERNI
V9Y6A6	PORT ALBERNI
V9Y6A8	PORT ALBERNI
V9Y6A9	PORT ALBERNI
V9Y6B1	PORT ALBERNI
V9Y6B2	PORT ALBERNI
V9Y6B3	PORT ALBERNI
V9Y6B4	PORT ALBERNI
V9Y6B5	PORT ALBERNI
V9Y6B6	PORT ALBERNI
V9Y6B7	PORT ALBERNI
V9Y6B8	PORT ALBERNI
V9Y6B9	PORT ALBERNI
V9Y6C1	PORT ALBERNI
V9Y6C2	PORT ALBERNI
V9Y6C3	PORT ALBERNI
V9Y6C4	PORT ALBERNI
V9Y6C5	PORT ALBERNI
V9Y6C6	PORT ALBERNI
V9Y6C7	PORT ALBERNI
V9Y6C8	PORT ALBERNI
V9Y6C9	PORT ALBERNI
V9Y6E1	PORT ALBERNI
V9Y6E2	PORT ALBERNI
V9Y6E3	PORT ALBERNI
V9Y6E4	PORT ALBERNI
V9Y6E5	PORT ALBERNI
V9Y6E6	PORT ALBERNI
V9Y6E7	PORT ALBERNI
V9Y6E8	PORT ALBERNI
V9Y6E9	PORT ALBERNI
V9Y6G1	PORT ALBERNI
V9Y6G2	PORT ALBERNI
V9Y6G3	PORT ALBERNI
V9Y6G4	PORT ALBERNI
V9Y6G5	PORT ALBERNI
V9Y6G6	PORT ALBERNI
V9Y6G7	PORT ALBERNI
V9Y6G8	PORT ALBERNI
V9Y6G9	PORT ALBERNI
V9Y6H1	PORT ALBERNI
V9Y6H2	PORT ALBERNI
V9Y6H3	PORT ALBERNI
V9Y6H4	PORT ALBERNI
V9Y6H5	PORT ALBERNI
V9Y6H6	PORT ALBERNI
V9Y6H7	PORT ALBERNI
V9Y6H8	PORT ALBERNI
V9Y6H9	PORT ALBERNI
V9Y6J1	PORT ALBERNI
V9Y6J2	PORT ALBERNI
V9Y6J3	PORT ALBERNI
V9Y6J4	PORT ALBERNI
V9Y6J5	PORT ALBERNI
V9Y6J6	PORT ALBERNI
V9Y6J7	PORT ALBERNI
V9Y6J8	PORT ALBERNI
V9Y6J9	PORT ALBERNI
V9Y6K1	PORT ALBERNI
V9Y6K3	PORT ALBERNI
V9Y6K4	PORT ALBERNI
V9Y6K5	PORT ALBERNI
V9Y6K6	PORT ALBERNI
V9Y6K7	PORT ALBERNI
V9Y6K8	PORT ALBERNI
V9Y6K9	PORT ALBERNI
V9Y6L1	PORT ALBERNI
V9Y6L2	PORT ALBERNI
V9Y6L3	PORT ALBERNI
V9Y6L4	PORT ALBERNI
V9Y6L5	PORT ALBERNI
V9Y6L6	PORT ALBERNI
V9Y6L7	PORT ALBERNI
V9Y6L8	PORT ALBERNI
V9Y6L9	PORT ALBERNI
V9Y6M1	PORT ALBERNI
V9Y6M2	PORT ALBERNI
V9Y6M3	PORT ALBERNI
V9Y6M4	PORT ALBERNI
V9Y6M5	PORT ALBERNI
V9Y6M6	PORT ALBERNI
V9Y6M7	PORT ALBERNI
V9Y6M8	PORT ALBERNI
V9Y6M9	PORT ALBERNI
V9Y6N1	PORT ALBERNI
V9Y6N2	PORT ALBERNI
V9Y6N3	PORT ALBERNI
V9Y6N4	PORT ALBERNI
V9Y6N5	PORT ALBERNI
V9Y6N6	PORT ALBERNI
V9Y6N7	PORT ALBERNI
V9Y6N8	PORT ALBERNI
V9Y6N9	PORT ALBERNI
V9Y6P1	PORT ALBERNI
V9Y6P2	PORT ALBERNI
V9Y6P3	PORT ALBERNI
V9Y6P4	PORT ALBERNI
V9Y6P5	PORT ALBERNI
V9Y6P6	PORT ALBERNI
V9Y6P8	PORT ALBERNI
V9Y6P9	PORT ALBERNI
V9Y6R1	PORT ALBERNI
V9Y6R2	PORT ALBERNI
V9Y6R3	PORT ALBERNI
V9Y6R4	PORT ALBERNI
V9Y6R5	PORT ALBERNI
V9Y6R6	PORT ALBERNI
V9Y6R7	PORT ALBERNI
V9Y6R8	PORT ALBERNI
V9Y6R9	PORT ALBERNI
V9Y6S1	PORT ALBERNI
V9Y6S2	PORT ALBERNI
V9Y6S3	PORT ALBERNI
V9Y6S4	PORT ALBERNI
V9Y6S5	PORT ALBERNI
V9Y6S6	PORT ALBERNI
V9Y6S7	PORT ALBERNI
V9Y6S9	PORT ALBERNI
V9Y6T1	PORT ALBERNI
V9Y6T2	PORT ALBERNI
V9Y6T3	PORT ALBERNI
V9Y6T4	PORT ALBERNI
V9Y6T5	PORT ALBERNI
V9Y6T6	PORT ALBERNI
V9Y6T7	PORT ALBERNI
V9Y6T8	PORT ALBERNI
V9Y6T9	PORT ALBERNI
V9Y6V1	PORT ALBERNI
V9Y6V2	PORT ALBERNI
V9Y6V3	PORT ALBERNI
V9Y6V4	PORT ALBERNI
V9Y6V5	PORT ALBERNI
V9Y6V6	PORT ALBERNI
V9Y6V7	PORT ALBERNI
V9Y6V8	PORT ALBERNI
V9Y6V9	PORT ALBERNI
V9Y6W1	PORT ALBERNI
V9Y6W2	PORT ALBERNI
V9Y6W3	PORT ALBERNI
V9Y6W4	PORT ALBERNI
V9Y6W5	PORT ALBERNI
V9Y6W6	PORT ALBERNI
V9Y6W7	PORT ALBERNI
V9Y6W8	PORT ALBERNI
V9Y6W9	PORT ALBERNI
V9Y6X1	PORT ALBERNI
V9Y6X2	PORT ALBERNI
V9Y6X3	PORT ALBERNI
V9Y6X4	PORT ALBERNI
V9Y6X5	PORT ALBERNI
V9Y6X6	PORT ALBERNI
V9Y6X7	PORT ALBERNI
V9Y6X8	PORT ALBERNI
V9Y6X9	PORT ALBERNI
V9Y6Y1	PORT ALBERNI
V9Y6Y2	PORT ALBERNI
V9Y6Y3	PORT ALBERNI
V9Y6Y4	PORT ALBERNI
V9Y6Y5	PORT ALBERNI
V9Y6Y6	PORT ALBERNI
V9Y6Y7	PORT ALBERNI
V9Y6Y8	PORT ALBERNI
V9Y6Y9	PORT ALBERNI
V9Y6Z1	PORT ALBERNI
V9Y6Z2	PORT ALBERNI
V9Y6Z3	PORT ALBERNI
V9Y6Z4	PORT ALBERNI
V9Y6Z5	PORT ALBERNI
V9Y6Z6	PORT ALBERNI
V9Y6Z7	PORT ALBERNI
V9Y6Z8	PORT ALBERNI
V9Y6Z9	PORT ALBERNI
V9Y7A1	PORT ALBERNI
V9Y7A2	PORT ALBERNI
V9Y7A3	PORT ALBERNI
V9Y7A4	PORT ALBERNI
V9Y7A5	PORT ALBERNI
V9Y7A6	PORT ALBERNI
V9Y7A7	PORT ALBERNI
V9Y7A8	PORT ALBERNI
V9Y7A9	PORT ALBERNI
V9Y7B1	PORT ALBERNI
V9Y7B2	PORT ALBERNI
V9Y7B3	PORT ALBERNI
V9Y7B4	PORT ALBERNI
V9Y7B5	PORT ALBERNI
V9Y7B6	PORT ALBERNI
V9Y7B7	PORT ALBERNI
V9Y7B8	PORT ALBERNI
V9Y7B9	PORT ALBERNI
V9Y7C1	PORT ALBERNI
V9Y7C2	PORT ALBERNI
V9Y7C3	PORT ALBERNI
V9Y7C4	PORT ALBERNI
V9Y7C6	PORT ALBERNI
V9Y7C7	PORT ALBERNI
V9Y7C8	PORT ALBERNI
V9Y7C9	PORT ALBERNI
V9Y7E1	PORT ALBERNI
V9Y7E2	PORT ALBERNI
V9Y7E3	PORT ALBERNI
V9Y7E4	PORT ALBERNI
V9Y7E5	PORT ALBERNI
V9Y7E6	PORT ALBERNI
V9Y7E7	PORT ALBERNI
V9Y7E8	PORT ALBERNI
V9Y7E9	PORT ALBERNI
V9Y7G1	PORT ALBERNI
V9Y7G2	PORT ALBERNI
V9Y7G3	PORT ALBERNI
V9Y7G4	PORT ALBERNI
V9Y7G5	PORT ALBERNI
V9Y7G6	PORT ALBERNI
V9Y7G7	PORT ALBERNI
V9Y7G8	PORT ALBERNI
V9Y7G9	PORT ALBERNI
V9Y7H1	PORT ALBERNI
V9Y7H2	PORT ALBERNI
V9Y7H3	PORT ALBERNI
V9Y7H4	PORT ALBERNI
V9Y7H5	PORT ALBERNI
V9Y7H6	PORT ALBERNI
V9Y7H7	PORT ALBERNI
V9Y7H8	PORT ALBERNI
V9Y7H9	PORT ALBERNI
V9Y7J1	PORT ALBERNI
V9Y7J2	PORT ALBERNI
V9Y7J3	PORT ALBERNI
V9Y7J4	PORT ALBERNI
V9Y7J5	PORT ALBERNI
V9Y7J6	PORT ALBERNI
V9Y7J7	PORT ALBERNI
V9Y7J8	PORT ALBERNI
V9Y7J9	PORT ALBERNI
V9Y7K1	PORT ALBERNI
V9Y7K2	PORT ALBERNI
V9Y7K3	PORT ALBERNI
V9Y7K4	PORT ALBERNI
V9Y7K5	PORT ALBERNI
V9Y7K6	PORT ALBERNI
V9Y7K7	PORT ALBERNI
V9Y7K8	PORT ALBERNI
V9Y7K9	PORT ALBERNI
V9Y7L1	PORT ALBERNI
V9Y7L4	PORT ALBERNI
V9Y7L8	PORT ALBERNI
V9Y7L9	PORT ALBERNI
V9Y7M1	PORT ALBERNI
V9Y7M2	PORT ALBERNI
V9Y7M3	PORT ALBERNI
V9Y7M4	PORT ALBERNI
V9Y7M5	PORT ALBERNI
V9Y7M6	PORT ALBERNI
V9Y7M7	PORT ALBERNI
V9Y7M8	PORT ALBERNI
V9Y7M9	PORT ALBERNI
V9Y7N1	PORT ALBERNI
V9Y7N3	PORT ALBERNI
V9Y7N4	PORT ALBERNI
V9Y7N5	PORT ALBERNI
V9Y7N6	PORT ALBERNI
V9Y7N7	PORT ALBERNI
V9Y7N8	PORT ALBERNI
V9Y7N9	PORT ALBERNI
V9Y7P1	PORT ALBERNI
V9Y7P2	PORT ALBERNI
V9Y7P3	PORT ALBERNI
V9Y7P4	PORT ALBERNI
V9Y7P5	PORT ALBERNI
V9Y7P6	PORT ALBERNI
V9Y7P7	PORT ALBERNI
V9Y7P8	PORT ALBERNI
V9Y7P9	PORT ALBERNI
V9Y7R1	PORT ALBERNI
V9Y7R2	PORT ALBERNI
V9Y7R3	PORT ALBERNI
V9Y7R4	PORT ALBERNI
V9Y7R5	PORT ALBERNI
V9Y7R6	PORT ALBERNI
V9Y7R7	PORT ALBERNI
V9Y7R8	PORT ALBERNI
V9Y7R9	PORT ALBERNI
V9Y7S2	PORT ALBERNI
V9Y7S4	PORT ALBERNI
V9Y7S5	PORT ALBERNI
V9Y7S6	PORT ALBERNI
V9Y7S7	PORT ALBERNI
V9Y7S8	PORT ALBERNI
V9Y7S9	PORT ALBERNI
V9Y7T1	PORT ALBERNI
V9Y7T2	PORT ALBERNI
V9Y7T3	PORT ALBERNI
V9Y7T4	PORT ALBERNI
V9Y7T5	PORT ALBERNI
V9Y7T6	PORT ALBERNI
V9Y7T7	PORT ALBERNI
V9Y7T8	PORT ALBERNI
V9Y7T9	PORT ALBERNI
V9Y7V1	PORT ALBERNI
V9Y7V3	PORT ALBERNI
V9Y7V4	PORT ALBERNI
V9Y7V5	PORT ALBERNI
V9Y7V6	PORT ALBERNI
V9Y7V7	PORT ALBERNI
V9Y7V8	PORT ALBERNI
V9Y7V9	PORT ALBERNI
V9Y7W1	PORT ALBERNI
V9Y7W2	PORT ALBERNI
V9Y7W3	PORT ALBERNI
V9Y7W4	PORT ALBERNI
V9Y7W5	PORT ALBERNI
V9Y7W6	PORT ALBERNI
V9Y7W7	PORT ALBERNI
V9Y7W8	PORT ALBERNI
V9Y7W9	PORT ALBERNI
V9Y7X2	PORT ALBERNI
V9Y7X3	PORT ALBERNI
V9Y7X4	PORT ALBERNI
V9Y7X5	PORT ALBERNI
V9Y7X6	PORT ALBERNI
V9Y7X7	PORT ALBERNI
V9Y7X8	PORT ALBERNI
V9Y7X9	PORT ALBERNI
V9Y7Y1	PORT ALBERNI
V9Y7Y2	PORT ALBERNI
V9Y7Y3	PORT ALBERNI
V9Y7Y4	PORT ALBERNI
V9Y7Y5	PORT ALBERNI
V9Y7Y6	PORT ALBERNI
V9Y7Y7	PORT ALBERNI
V9Y7Y8	PORT ALBERNI
V9Y7Z1	PORT ALBERNI
V9Y7Z2	PORT ALBERNI
V9Y7Z3	PORT ALBERNI
V9Y7Z4	PORT ALBERNI
V9Y7Z5	PORT ALBERNI
V9Y7Z7	PORT ALBERNI
V9Y7Z8	PORT ALBERNI
V9Y7Z9	PORT ALBERNI
V9Y8A1	PORT ALBERNI
V9Y8A3	PORT ALBERNI
V9Y8A4	PORT ALBERNI
V9Y8A5	PORT ALBERNI
V9Y8A6	PORT ALBERNI
V9Y8A7	PORT ALBERNI
V9Y8A8	PORT ALBERNI
V9Y8A9	PORT ALBERNI
V9Y8B1	PORT ALBERNI
V9Y8B2	PORT ALBERNI
V9Y8B3	PORT ALBERNI
V9Y8B4	PORT ALBERNI
V9Y8B5	PORT ALBERNI
V9Y8B6	PORT ALBERNI
V9Y8B8	PORT ALBERNI
V9Y8B9	PORT ALBERNI
V9Y8C5	PORT ALBERNI
V9Y8C6	PORT ALBERNI
V9Y8C7	PORT ALBERNI
V9Y8C8	PORT ALBERNI
V9Y8C9	PORT ALBERNI
V9Y8E1	PORT ALBERNI
V9Y8E2	PORT ALBERNI
V9Y8E3	PORT ALBERNI
V9Y8E4	PORT ALBERNI
V9Y8E6	PORT ALBERNI
V9Y8E7	PORT ALBERNI
V9Y8E8	PORT ALBERNI
V9Y8E9	PORT ALBERNI
V9Y8G1	PORT ALBERNI
V9Y8G2	PORT ALBERNI
V9Y8G3	PORT ALBERNI
V9Y8G4	PORT ALBERNI
V9Y8G5	PORT ALBERNI
V9Y8G6	PORT ALBERNI
V9Y8G7	PORT ALBERNI
V9Y8G8	PORT ALBERNI
V9Y8G9	PORT ALBERNI
V9Y8H1	PORT ALBERNI
V9Y8H2	PORT ALBERNI
V9Y8H3	PORT ALBERNI
V9Y8H4	PORT ALBERNI
V9Y8H5	PORT ALBERNI
V9Y8H6	PORT ALBERNI
V9Y8H7	PORT ALBERNI
V9Y8H8	PORT ALBERNI
V9Y8J1	PORT ALBERNI
V9Y8J2	PORT ALBERNI
V9Y8J3	PORT ALBERNI
V9Y8J4	PORT ALBERNI
V9Y8J5	PORT ALBERNI
V9Y8J6	PORT ALBERNI
V9Y8J7	PORT ALBERNI
V9Y8J8	PORT ALBERNI
V9Y8J9	PORT ALBERNI
V9Y8K1	PORT ALBERNI
V9Y8K2	PORT ALBERNI
V9Y8K3	PORT ALBERNI
V9Y8K4	PORT ALBERNI
V9Y8K5	PORT ALBERNI
V9Y8K6	PORT ALBERNI
V9Y8K7	PORT ALBERNI
V9Y8K8	PORT ALBERNI
V9Y8K9	PORT ALBERNI
V9Y8L1	PORT ALBERNI
V9Y8L2	PORT ALBERNI
V9Y8L3	PORT ALBERNI
V9Y8L4	PORT ALBERNI
V9Y8L5	PORT ALBERNI
V9Y8L6	PORT ALBERNI
V9Y8L7	PORT ALBERNI
V9Y8L8	PORT ALBERNI
V9Y8L9	PORT ALBERNI
V9Y8M1	PORT ALBERNI
V9Y8M2	PORT ALBERNI
V9Y8M3	PORT ALBERNI
V9Y8M4	PORT ALBERNI
V9Y8M5	PORT ALBERNI
V9Y8M6	PORT ALBERNI
V9Y8M7	PORT ALBERNI
V9Y8M8	PORT ALBERNI
V9Y8M9	PORT ALBERNI
V9Y8N1	PORT ALBERNI
V9Y8N2	PORT ALBERNI
V9Y8N3	PORT ALBERNI
V9Y8N4	PORT ALBERNI
V9Y8N5	PORT ALBERNI
V9Y8N6	PORT ALBERNI
V9Y8N7	PORT ALBERNI
V9Y8N8	PORT ALBERNI
V9Y8N9	PORT ALBERNI
V9Y8P1	PORT ALBERNI
V9Y8P2	PORT ALBERNI
V9Y8P3	PORT ALBERNI
V9Y8P4	PORT ALBERNI
V9Y8P5	PORT ALBERNI
V9Y8P6	PORT ALBERNI
V9Y8P7	PORT ALBERNI
V9Y8P8	PORT ALBERNI
V9Y8P9	PORT ALBERNI
V9Y8R1	PORT ALBERNI
V9Y8R2	PORT ALBERNI
V9Y8R3	PORT ALBERNI
V9Y8R4	PORT ALBERNI
V9Y8R5	PORT ALBERNI
V9Y8R6	PORT ALBERNI
V9Y8R7	PORT ALBERNI
V9Y8R8	PORT ALBERNI
V9Y8R9	PORT ALBERNI
V9Y8S1	PORT ALBERNI
V9Y8S2	PORT ALBERNI
V9Y8S3	PORT ALBERNI
V9Y8S4	PORT ALBERNI
V9Y8S5	PORT ALBERNI
V9Y8S6	PORT ALBERNI
V9Y8S7	PORT ALBERNI
V9Y8S8	PORT ALBERNI
V9Y8S9	PORT ALBERNI
V9Y8T1	PORT ALBERNI
V9Y8T2	PORT ALBERNI
V9Y8T3	PORT ALBERNI
V9Y8T4	PORT ALBERNI
V9Y8T5	PORT ALBERNI
V9Y8T6	PORT ALBERNI
V9Y8T7	PORT ALBERNI
V9Y8T8	PORT ALBERNI
V9Y8T9	PORT ALBERNI
V9Y8V1	PORT ALBERNI
V9Y8V2	PORT ALBERNI
V9Y8V3	PORT ALBERNI
V9Y8V4	PORT ALBERNI
V9Y8V5	PORT ALBERNI
V9Y8V6	PORT ALBERNI
V9Y8V7	PORT ALBERNI
V9Y8V8	PORT ALBERNI
V9Y8V9	PORT ALBERNI
V9Y8W1	PORT ALBERNI
V9Y8W2	PORT ALBERNI
V9Y8W3	PORT ALBERNI
V9Y8W4	PORT ALBERNI
V9Y8W5	PORT ALBERNI
V9Y8W6	PORT ALBERNI
V9Y8W7	PORT ALBERNI
V9Y8W8	PORT ALBERNI
V9Y8W9	PORT ALBERNI
V9Y8X1	PORT ALBERNI
V9Y8X2	PORT ALBERNI
V9Y8X3	PORT ALBERNI
V9Y8X4	PORT ALBERNI
V9Y8X5	PORT ALBERNI
V9Y8X6	PORT ALBERNI
V9Y8X7	PORT ALBERNI
V9Y8X8	PORT ALBERNI
V9Y8X9	PORT ALBERNI
V9Y8Y1	PORT ALBERNI
V9Y8Y2	PORT ALBERNI
V9Y8Y3	PORT ALBERNI
V9Y8Y4	PORT ALBERNI
V9Y8Y5	PORT ALBERNI
V9Y8Y6	PORT ALBERNI
V9Y8Y7	PORT ALBERNI
V9Y8Y8	PORT ALBERNI
V9Y8Y9	PORT ALBERNI
V9Y8Z1	PORT ALBERNI
V9Y8Z2	PORT ALBERNI
V9Y8Z3	PORT ALBERNI
V9Y8Z4	PORT ALBERNI
V9Y8Z5	PORT ALBERNI
V9Y8Z6	PORT ALBERNI
V9Y8Z7	PORT ALBERNI
V9Y8Z8	PORT ALBERNI
V9Y8Z9	PORT ALBERNI
V9Y9A1	PORT ALBERNI
V9Y9A2	PORT ALBERNI
V9Y9A3	PORT ALBERNI
V9Y9A4	PORT ALBERNI
V9Y9A5	PORT ALBERNI
V9Y9A6	PORT ALBERNI
V9Y9A7	PORT ALBERNI
V9Y9A8	PORT ALBERNI
V9Y9A9	PORT ALBERNI
V9Y9B1	PORT ALBERNI
V9Y9B2	PORT ALBERNI
V9Y9B3	PORT ALBERNI
V9Y9B4	PORT ALBERNI
V9Y9B5	PORT ALBERNI
V9Y9B6	PORT ALBERNI
V9Y9B7	PORT ALBERNI
V9Y9B8	PORT ALBERNI
V9Y9B9	PORT ALBERNI
V9Y9C1	PORT ALBERNI
V9Y9C2	PORT ALBERNI
V9Y9C3	PORT ALBERNI
V9Y9C4	PORT ALBERNI
V9Y9C5	PORT ALBERNI
V9Y9C6	PORT ALBERNI
V9Y9C7	PORT ALBERNI
V9Y9C8	PORT ALBERNI
V9Y9C9	PORT ALBERNI
V9Y9E1	PORT ALBERNI
V9Y9E2	PORT ALBERNI
V9Y9E3	PORT ALBERNI
V9Y9E4	PORT ALBERNI
V9Y9E5	PORT ALBERNI
V9Y9E6	PORT ALBERNI
V9Y9E7	PORT ALBERNI
V9Y9E8	PORT ALBERNI
V9Y9E9	PORT ALBERNI
V9Y9G1	PORT ALBERNI
V9Y9G2	PORT ALBERNI
V9Y9G3	PORT ALBERNI
